"Txhash","Blockno","UnixTimestamp","DateTime","From","To","ContractAddress","Value_IN(ETH)","Value_OUT(ETH)","CurrentValue @ $1313.17/Eth","TxnFee(ETH)","TxnFee(USD)","Historical $Price/Eth","Status","ErrCode","Method"
"0x42e290590fd5b21a38796686eaeafe2bcb3b34306a9d749a271736700d5fbb04","13304081","1632695001","2021-09-26 22:23:21","0xd247c547d84a62c3c614ddd50d4153bb16b11cb4","0x2dce9c47ccf47393a449c1bfd70011fe7878b2ae","","0","139.1","182661.947","0.001577087508801","2.07098400393221","3064.21","","","Transfer",""
"0x7908a48e92c26082312c5e09cef3eb20ad811576029e5f4558ea178044e8c394","13304099","1632695271","2021-09-26 22:27:51","0xd247c547d84a62c3c614ddd50d4153bb16b11cb4","0x2d2165d0b3dde63a4d997ded376df3429e984060","","0","22.623","29707.84491","0.001603580864214","2.1057742834599","3064.21","","","Transfer",""
"0x020c5513ebe2f89997eac1e785a55264725c0d3f486650c63ddca2ee80579473","13304215","1632696731","2021-09-26 22:52:11","0xd247c547d84a62c3c614ddd50d4153bb16b11cb4","0xfd9990ea0542aad6bfc8323c4a89ef1196ea241e","","0","0.33","433.3461","0.001382830253028","1.81589120336878","3064.21","","","Transfer",""
"0x6ac7645e23649e2e66a317e1b34b6b2633317c768a0619ce2b05b4e797e8867e","13325461","1632982805","2021-09-30 06:20:05","0xd247c547d84a62c3c614ddd50d4153bb16b11cb4","0x6373cf8a03f4090ae452386671160b7406016fde","","0","16.5","21667.305","0.001541445189144","2.02417957902823","3000.83","","","Transfer",""
"0x95b3a4510eee133255e4b9067b1d946454de3239a3e177eded37190d57fa19cb","13325521","1632983626","2021-09-30 06:33:46","0xd247c547d84a62c3c614ddd50d4153bb16b11cb4","0xe5fd44d6c333f313b61121c37cd5c64131f21017","","0","16.5","21667.305","0.001217123592552","1.59829018803151","3000.83","","","Transfer",""
"0x18ee7230bb77534ddfeea16e5299328b355e14953a20f9d69968f7f0f3b4ac95","13325875","1632988294","2021-09-30 07:51:34","0xd247c547d84a62c3c614ddd50d4153bb16b11cb4","0xe5fd44d6c333f313b61121c37cd5c64131f21017","","0","16.65","21864.2805","0.001078185527181","1.41584088872827","3000.83","","","Transfer",""
"0xe7d2f1cf82f94bdd7b2e4c1d1d052dc0f5561134b72f962b5682eec0a5f15be9","13325928","1632989125","2021-09-30 08:05:25","0xd247c547d84a62c3c614ddd50d4153bb16b11cb4","0x6373cf8a03f4090ae452386671160b7406016fde","","0","33.3","43728.561","0.001521261909615","1.99767550184913","3000.83","","","Transfer",""
"0xfd9b66b88ca5ad2f3bf953674044cd736a0f6c2b51173ad8aef91085e1eb95ed","13325928","1632989125","2021-09-30 08:05:25","0xd247c547d84a62c3c614ddd50d4153bb16b11cb4","0xe5fd44d6c333f313b61121c37cd5c64131f21017","","0","33.3","43728.561","0.001521261909615","1.99767550184913","3000.83","","","Transfer",""
"0xf6f478be4c6d863bd57856aaee2d8a99fbc1731d0c6933dadd4b7ed7f75d9116","13325967","1632989739","2021-09-30 08:15:39","0xd247c547d84a62c3c614ddd50d4153bb16b11cb4","0xc82558084158cd848337436df86490e8e4125f85","","0","10.03","13171.0951","0.001377425656677","1.80879404957854","3000.83","","","Transfer",""
"0x6554ef25fff320f070b8241d6c8063d99f53544b456cfc26943c07332e242568","13325997","1632990053","2021-09-30 08:20:53","0xd247c547d84a62c3c614ddd50d4153bb16b11cb4","0xe5fd44d6c333f313b61121c37cd5c64131f21017","","0","33.3","43728.561","0.001268845917675","1.66621039371328","3000.83","","","Transfer",""
"0x2547a953de08834b75094d54783275de5ec80e05f6bb152eac05eca9f2f0726f","13326008","1632990290","2021-09-30 08:24:50","0xd247c547d84a62c3c614ddd50d4153bb16b11cb4","0x6373cf8a03f4090ae452386671160b7406016fde","","0","33.3","43728.561","0.001618963018071","2.1259736664403","3000.83","","","Transfer",""
"0x5cac049f3bae81dfb2b76f151dbbeff2a1de6274b1f025ff8fba3cd2473a20f8","13326060","1632991272","2021-09-30 08:41:12","0xd247c547d84a62c3c614ddd50d4153bb16b11cb4","0x6373cf8a03f4090ae452386671160b7406016fde","","0","33.7","44253.829","0.001730432277","2.27235175318809","3000.83","","","Transfer",""
"0x2d7e128921e189f9bddb8f87b6a814a83dff90e3983c10c79d4e972e5adaab8c","13326062","1632991339","2021-09-30 08:42:19","0xd247c547d84a62c3c614ddd50d4153bb16b11cb4","0xe5fd44d6c333f313b61121c37cd5c64131f21017","","0","33.7","44253.829","0.001897901870004","2.49226779863315","3000.83","","","Transfer",""
"0x0d65e7920e52f85899f29bebf223d6f618f89cc1d3f80815a2da3a5502ef5177","13326342","1632995076","2021-09-30 09:44:36","0xd247c547d84a62c3c614ddd50d4153bb16b11cb4","0xe5fd44d6c333f313b61121c37cd5c64131f21017","","0","33.7","44253.829","0.001118771651634","1.46913736977622","3000.83","","","Transfer",""
"0x07bb2f706e178e6ccef38d551e30739b11c443fb5d08af4f263ff9ecb2d2cee6","13326344","1632995114","2021-09-30 09:45:14","0xd247c547d84a62c3c614ddd50d4153bb16b11cb4","0x6373cf8a03f4090ae452386671160b7406016fde","","0","33.7","44253.829","0.001162335269718","1.52634380613559","3000.83","","","Transfer",""
"0xf8a4bcb20684783df9526f63d58ed823bae291b415c8b8d072dcea3edb158064","13326401","1632995985","2021-09-30 09:59:45","0xd247c547d84a62c3c614ddd50d4153bb16b11cb4","0x6373cf8a03f4090ae452386671160b7406016fde","","0","50.3","66052.451","0.001287345719583","1.69050377858481","3000.83","","","Transfer",""
"0xa1de8cbdabbbdd1fe75666d90aaf32edf2dcb3b3a7206cb2167251bbc35a6756","13326409","1632996102","2021-09-30 10:01:42","0xd247c547d84a62c3c614ddd50d4153bb16b11cb4","0xe5fd44d6c333f313b61121c37cd5c64131f21017","","0","50.4","66183.768","0.001566763413789","2.0574267120853","3000.83","","","Transfer",""
"0xc7629b55675c3f0a7097cc8c4ca1c4996bf039f545ff4ee04c77ed6fd2309ac7","13333329","1633089821","2021-10-01 12:03:41","0xd247c547d84a62c3c614ddd50d4153bb16b11cb4","0xe5fd44d6c333f313b61121c37cd5c64131f21017","","0","0.1","131.317","0.001045902565743","1.37344787225674","3310.63","","","Transfer",""
"0xd23e120b5d381be62bb012c27543f5e09a3ab8a03d04537ca48bf079d73b570e","13334474","1633104471","2021-10-01 16:07:51","0xd247c547d84a62c3c614ddd50d4153bb16b11cb4","0xe5fd44d6c333f313b61121c37cd5c64131f21017","","0","12","15758.04","0.002369634103179","3.11173241527157","3310.63","","","Transfer",""
"0xf3cd167c2f350ba0198516746dc0bab055ea201104d3cfb6878425263d3daa7a","13334474","1633104471","2021-10-01 16:07:51","0xd247c547d84a62c3c614ddd50d4153bb16b11cb4","0xe5fd44d6c333f313b61121c37cd5c64131f21017","","0","12","15758.04","0.002376249103179","3.12041903482157","3310.63","","","Transfer",""
"0x57664f8856ad762d80f5cc5fab90f5828095c335e6d3b82884bca147e9ca39e6","13334484","1633104558","2021-10-01 16:09:18","0xd247c547d84a62c3c614ddd50d4153bb16b11cb4","0xc82558084158cd848337436df86490e8e4125f85","","0","3.1","4070.827","0.001967043287202","2.58306223345505","3310.63","","","Transfer",""
"0x1af30878da97bd29fd0ecaa415e21f98c5cc5e3e3d754c244a9f436a792ea246","13334488","1633104687","2021-10-01 16:11:27","0xd247c547d84a62c3c614ddd50d4153bb16b11cb4","0xe5fd44d6c333f313b61121c37cd5c64131f21017","","0","20.796010665113438","27308.697325107","0.002686742150295","3.52814918950289","3310.63","","","Transfer",""
