"Txhash","Blockno","UnixTimestamp","DateTime","From","To","ContractAddress","Value_IN(ETH)","Value_OUT(ETH)","CurrentValue @ $1313.71/Eth","TxnFee(ETH)","TxnFee(USD)","Historical $Price/Eth","Status","ErrCode","Method"
"0xb429823a73db973cd10223b97ebcf25f54f88cc23703eb937f132c1ee21b83cd","13822814","1639746776","2021-12-17 13:12:56","0xb5d85cbf7cb3ee0d56b3bb207d5fc4b82f43f511","0xab020f50404dcf45cdb2ff0fe90d3e67205b7a35","","0.02412761","0","31.6966825331","0.001237179763386","1.62529542695782","3876.37","","","Transfer",""
"0xe5225b7a2dae507a8e32bd57ae96b4e3b87b3d4097556962b0ae8099550117e0","13822821","1639746876","2021-12-17 13:14:36","0xab020f50404dcf45cdb2ff0fe90d3e67205b7a35","0xf7c0dfb7ae91009cb39bed41bec8f25c48bdf365","","0","0.002622572481346953","3.44529969447031","0.001054459950033","1.38525458095785","3876.37","","","Transfer",""
"0x27332103ac4a027fffa4c5d4341fd83e2c2ab23fdfcb67ecbc2b149895561dfd","13826496","1639795731","2021-12-18 02:48:51","0xee35f3ad5dba7d3d6c1afacc937d474599f5f024","0xab020f50404dcf45cdb2ff0fe90d3e67205b7a35","","0.04","0","52.5484","0.001580735521911","2.0766280624897","3961.96","","","Transfer",""
"0x856a0aeff9cbe531c2d0198597db705fa515ad430a15bafbf01770321cc63699","13827716","1639811968","2021-12-18 07:19:28","0xab020f50404dcf45cdb2ff0fe90d3e67205b7a35","0x6bfdcd3523dac0a77dee30840724561aaa39d444","","0","0.035","45.97985","0.000945137676819","1.24163681741389","3961.96","","","Transfer",""
"0x5625337926e02fd97d1ccf3ab6cf37d01ca78ba178e292aebf68207b983f6aeb","13829148","1639830701","2021-12-18 12:31:41","0xab020f50404dcf45cdb2ff0fe90d3e67205b7a35","0x5804b70c2d856709e0b70b85b0640b74070ed06c","","0","0.023","30.21533","0.000984150003228","1.29288770074066","3961.96","","","Transfer",""
"0x4d42c85d2f7d37415d5980640b82361ed38b70b36b716d9479184fd9ea0457d2","13881263","1640527622","2021-12-26 14:07:02","0xddfabcdc4d8ffc6d5beaf154f18b778f892a0740","0xab020f50404dcf45cdb2ff0fe90d3e67205b7a35","","0.06982085","0","91.7243488535","0.000936808618074","1.23069484964999","4063.44","","","Transfer",""
"0xec6613825f8d0fe9a9ae9f38f88fb4d124e0c76ba4ea48d051a0fd0a76958280","13881268","1640527650","2021-12-26 14:07:30","0xab020f50404dcf45cdb2ff0fe90d3e67205b7a35","0x535d1cb20b213344740664e575b0b28727e88b96","","0","0.03","39.4113","0.00077003984589","1.01160904594415","4063.44","","","Transfer",""
"0x3870d4e7c15692fb7c0457271bd812f981394376b5445615df416735591aa59f","13885740","1640587835","2021-12-27 06:50:35","0xab020f50404dcf45cdb2ff0fe90d3e67205b7a35","0xa5e606de0531017cb094555c1653f5d2f8768ed9","","0","0.012287820066993195","16.1426321002096","0.001410109139019","1.85247447702065","4037.87","","","Transfer",""
"0x457b4bd99b14b885e9ddd278ff953e7de713ac21e081bcaa65fdcbc73ffbb828","13919092","1641033884","2022-01-01 10:44:44","0x9357ac47b1c7c6dc850434e41d8a8107535f5a1d","0xab020f50404dcf45cdb2ff0fe90d3e67205b7a35","","1.21843904420226087","0","1600.67555675895","0.001207684941498","1.58654778449534","3766.74","","","Transfer",""
"0x1e86fbc3ece7e1bec72d265137676e6f0b2e298b1135be715eb8f72fdb70b60f","13925429","1641118742","2022-01-02 10:19:02","0xab020f50404dcf45cdb2ff0fe90d3e67205b7a35","","0x9866db098c9011a61f13cd3cc210ae858e887c6b","0","0","0","0.14186677871817234","186.37180586985","3830.92","","","0x60c06040",""
"0x01e3687fca8485a6b49810eec596d5585c90b8faf656a713bfda90345ba9d474","13925437","1641118868","2022-01-02 10:21:08","0xab020f50404dcf45cdb2ff0fe90d3e67205b7a35","0x9866db098c9011a61f13cd3cc210ae858e887c6b","","0","0","0","0.00171650312167542","2.25498731597622","3830.92","","","Pause",""
"0xd1f9e6600999470d9399714ef1a4cb87531c97be167da98d3f8782e057d898ba","13925441","1641118937","2022-01-02 10:22:17","0xab020f50404dcf45cdb2ff0fe90d3e67205b7a35","0x9866db098c9011a61f13cd3cc210ae858e887c6b","","0","0","0","0.001710966737707716","2.247714112994","3830.92","","","Setmax Mint Amount",""
"0x46ed720faf49a442126003735e891c92c96555ab5a397594959a5999837153de","13925455","1641119122","2022-01-02 10:25:22","0xab020f50404dcf45cdb2ff0fe90d3e67205b7a35","0x9866db098c9011a61f13cd3cc210ae858e887c6b","","0","0","0","0.009122691515082222","11.9845710702787","3830.92","","","Mint",""
"0x1dc239c1df55c5115f00de34c84c0ce07ee8651cabecf8b76f01ddfeccd21a9c","13925457","1641119156","2022-01-02 10:25:56","0xab020f50404dcf45cdb2ff0fe90d3e67205b7a35","0x9866db098c9011a61f13cd3cc210ae858e887c6b","","0","0","0","0.00182653955444022","2.39954327806366","3830.92","","","Setmax Mint Amount",""
"0x82326cf398c6a9bae54ac8e7164697bd54eb409c3ff05a535a07e2a7d252a68e","13925488","1641119648","2022-01-02 10:34:08","0xab020f50404dcf45cdb2ff0fe90d3e67205b7a35","0x9866db098c9011a61f13cd3cc210ae858e887c6b","","0","0","0","0.00171634128311282","2.25477470703814","3830.92","","","Pause",""
"0x4721332b6cab7b2025ecc05b1fd1f328227309e46b262f6c110ccdc20620896e","13925686","1641122543","2022-01-02 11:22:23","0xab020f50404dcf45cdb2ff0fe90d3e67205b7a35","0xc8c524ef794643749c52f73e537f908da7704ac4","","0","0.1","131.371","0.001437466031925","1.88841350080019","3830.92","","","Transfer",""
"0xb0450c223dbb7d3e760226da366f8357aea69c3f8f11408fb2755b8fdc4afd79","13925962","1641126492","2022-01-02 12:28:12","0xab020f50404dcf45cdb2ff0fe90d3e67205b7a35","0x9866db098c9011a61f13cd3cc210ae858e887c6b","","0","0","0","0.001715329148715644","2.25344505595923","3830.92","","","Pause",""
"0xa70d3fdfeb55c4bfa789c64fffb434458d6ba06e4436f959ab28836dd603be26","13931848","1641204607","2022-01-03 10:10:07","0xab020f50404dcf45cdb2ff0fe90d3e67205b7a35","0x9866db098c9011a61f13cd3cc210ae858e887c6b","","0","0","0","0.006242259460418016","8.20051867574575","3765.16","","","Whitelist Users",""
"0x2adc5dfc6977ad3d2fbeeab8310aa1b671f1143e5807ec9e3180f89ba635ff8a","13931870","1641204861","2022-01-03 10:14:21","0xab020f50404dcf45cdb2ff0fe90d3e67205b7a35","0x3257742d8980fd16217b85c9df0c60358d7f486b","","0","0.05","65.6855","0.001796910328248","2.36061906732268","3765.16","","","Transfer",""
"0x5205e15e9a98d54a4ec57d82f85902b453bf08d535402c93de9a8173522c3fb3","13935712","1641255291","2022-01-04 00:14:51","0xab020f50404dcf45cdb2ff0fe90d3e67205b7a35","0x9866db098c9011a61f13cd3cc210ae858e887c6b","","0","0","0","0.00252210536311305","3.31331503657524","3785.67","","","Pause",""
"0x8b1fa3a5c57f32d92289085dea48726c2e9a3e97fd4bdbe727a28d714d18b8a7","13935725","1641255468","2022-01-04 00:17:48","0xab020f50404dcf45cdb2ff0fe90d3e67205b7a35","0x9866db098c9011a61f13cd3cc210ae858e887c6b","","0","0","0","0.002847747940585534","3.74111494702662","3785.67","","","Pause",""
"0xdf1a7e694dd08d88cdd1b3bdd6f7215f4bd17c3c6744963019e7393e8f9607df","13935732","1641255560","2022-01-04 00:19:20","0xab020f50404dcf45cdb2ff0fe90d3e67205b7a35","0x5477b585d39ccdb881d13363ae7dd5a3522b140c","","0","0.066591019268777335","87.4812879235855","0.002315311750647","3.04164819994247","3785.67","","","Transfer",""
"0x2199120a6c09f0884592e4169991a58ee458e5a70b6ed01e62c6b550c3ff11b2","13935868","1641257293","2022-01-04 00:48:13","0xab020f50404dcf45cdb2ff0fe90d3e67205b7a35","0x9866db098c9011a61f13cd3cc210ae858e887c6b","","0","0","0","0.00279845443258862","3.676357572636","3785.67","","","Pause",""
"0x284c6bfa34086806f2beee13e7224234c69515da07362fb75083d56e9109aa84","13935881","1641257472","2022-01-04 00:51:12","0xab020f50404dcf45cdb2ff0fe90d3e67205b7a35","0x10c9acd5fc8ae5ff2b1a82b37de86f977b303d77","","0","0.1","131.371","0.002248560761853","2.9539567584539","3785.67","","","Transfer",""
"0x0f6fa9cc86031edbca7cbd0b1f6d296fc8bcefc98d286eef12183f744273ce56","13935888","1641257640","2022-01-04 00:54:00","0xab020f50404dcf45cdb2ff0fe90d3e67205b7a35","0x26a0c55d214606b8ea8c3c95e2f79c4b38f2db07","","0","0.1","131.371","0.002806496680071","3.68692275357607","3785.67","","","Transfer",""
"0x1af38efb6bfe754d47c48a321663fbdabbf9c7cd8260a445cb49aaf023e28a71","13935982","1641259033","2022-01-04 01:17:13","0xab020f50404dcf45cdb2ff0fe90d3e67205b7a35","0x998ec512394144bb03735484fba3a2151c3fb00a","","0","0.15","197.0565","0.002453784400641","3.22356110496609","3785.67","","","Transfer",""
"0xc026ce38f38090edb9932ccda5b531fa56047f81e47efa1f4a3dc0fecf35bf1c","13937200","1641275608","2022-01-04 05:53:28","0xab020f50404dcf45cdb2ff0fe90d3e67205b7a35","0x9866db098c9011a61f13cd3cc210ae858e887c6b","","0","0","0","0.00241999725531025","3.17917459427363","3785.67","","","Pause",""
"0xf47591e0731c62a484bf80b76a9e3f4ccf32f9fc167cb80a173b9a57c7be6fb5","13937356","1641277498","2022-01-04 06:24:58","0xab020f50404dcf45cdb2ff0fe90d3e67205b7a35","0x9866db098c9011a61f13cd3cc210ae858e887c6b","","0","0","0","0.00269460038691454","3.5399234742935","3785.67","","","Pause",""
"0x9d9679070df3c32f17e139b34cccf8f606de069151e3dea01b4a7c29730a5a97","13937405","1641278144","2022-01-04 06:35:44","0xab020f50404dcf45cdb2ff0fe90d3e67205b7a35","0x9866db098c9011a61f13cd3cc210ae858e887c6b","","0","0","0","0.002169918673478892","2.85064386053596","3785.67","","","Pause",""
"0x948363385d95eba7b50dc192ce3d136d24761dfb4092a4cbb05efc9ca36fe7c4","13937679","1641281764","2022-01-04 07:36:04","0xab020f50404dcf45cdb2ff0fe90d3e67205b7a35","0x9866db098c9011a61f13cd3cc210ae858e887c6b","","0","0","0","0.00263827287881066","3.46592546362235","3785.67","","","Pause",""
"0xd0911d00fecaa4eee280451e44cd96dd1573d75f2df488c3d522da672a045e41","13937687","1641281917","2022-01-04 07:38:37","0xab020f50404dcf45cdb2ff0fe90d3e67205b7a35","0x9866db098c9011a61f13cd3cc210ae858e887c6b","","0","0","0","0.003334504465588851","4.38057186148873","3785.67","","","Whitelist Users",""
"0xdc2f0a99287ceb51b5956d4c8ebbce25d75a972a88b7561a04033f02ef1637f9","13937852","1641283926","2022-01-04 08:12:06","0xab020f50404dcf45cdb2ff0fe90d3e67205b7a35","0x9866db098c9011a61f13cd3cc210ae858e887c6b","","0","0","0","0.002232286997760526","2.93257775182798","3785.67","","","Pause",""
"0xb3011e2ecc57d80c138f92f7a5c2fd0cdf168537b7d7e618c3b91cbd31d65c83","13942376","1641344171","2022-01-05 00:56:11","0xab020f50404dcf45cdb2ff0fe90d3e67205b7a35","0xc8c524ef794643749c52f73e537f908da7704ac4","","0","0.3","394.113","0.00251212507959","3.30020383830818","3536.77","","","Transfer",""
"0xe8b395189afb5e1db845f8f24001601b3cdd2ce61fd1288cfe50ba46f1f0f4da","13951415","1641466408","2022-01-06 10:53:28","0x9357ac47b1c7c6dc850434e41d8a8107535f5a1d","0xab020f50404dcf45cdb2ff0fe90d3e67205b7a35","","1.519370333850281379","0","1996.01200128245","0.001974011414172","2.5932785349119","3406.48","","","Transfer",""
"0x8fa5a32e075a1a95f652355af4ed36d4f9a9ceb548719b8fb6d0cf0a1abfc227","13951426","1641466595","2022-01-06 10:56:35","0xee35f3ad5dba7d3d6c1afacc937d474599f5f024","0xab020f50404dcf45cdb2ff0fe90d3e67205b7a35","","0.239","0","313.97669","0.001932176779554","2.53831995706789","3406.48","","","Transfer",""
"0x3dcb7a7cda6e6ad9de8c4f1608b324465db9c6df4a78d791c086e7756ae156a4","13951567","1641468362","2022-01-06 11:26:02","0x10c9acd5fc8ae5ff2b1a82b37de86f977b303d77","0xab020f50404dcf45cdb2ff0fe90d3e67205b7a35","","0.097812249738562","0","128.496930604046","0.002051144616822","2.69460919456523","3406.48","","","Transfer",""
"0x4fe4f29ae3f993afc7e0e01ff2e7e1e7b6bef1e81f50a634f3eb881b2144d67c","13951572","1641468480","2022-01-06 11:28:00","0x26a0c55d214606b8ea8c3c95e2f79c4b38f2db07","0xab020f50404dcf45cdb2ff0fe90d3e67205b7a35","","0.097724226047548","0","128.381293000924","0.001960621640628","2.57568825550941","3406.48","","","Transfer",""
"0x591ac828cff5c68f56f0b3f6cbf7d62b698484d27350065d6d1c8f395cd4bae0","13951575","1641468499","2022-01-06 11:28:19","0x3257742d8980fd16217b85c9df0c60358d7f486b","0xab020f50404dcf45cdb2ff0fe90d3e67205b7a35","","0.047973511072565","0","63.0232812311394","0.001854467274261","2.43623220286942","3406.48","","","Transfer",""
"0x60a82c704d0a8c5ae1b0130ea9cc25ac731d21f81ce34b8f838cbef8a99fc60d","13954747","1641510623","2022-01-06 23:10:23","0xab020f50404dcf45cdb2ff0fe90d3e67205b7a35","0x80a0dbd6d69242e169cc86945620985eb7487208","","0","0.004384029273624803","5.75934309705364","0.002406463154844","3.16139471115011","3406.48","","","Transfer",""
"0x32b853fe164d7bc62ed591656ae2de4be83896fbdc08d5e8c2a691ae09d0b623","13954747","1641510623","2022-01-06 23:10:23","0xab020f50404dcf45cdb2ff0fe90d3e67205b7a35","0xd8e0d60b9d230bbd868836d4a8caa7a2b51d45a0","","0","0.004384029273624803","5.75934309705364","0.002406463154844","3.16139471115011","3406.48","","","Transfer",""
"0x8cfebe3a94e707e46d9b7011d8ea16a347ad1c19459cc8f36322f2fdcad4fc61","13954756","1641510721","2022-01-06 23:12:01","0xab020f50404dcf45cdb2ff0fe90d3e67205b7a35","0xc2a5ddd49455c8b0e3eb081be3b388924236318a","","0","0.00438856982360875","5.76530806297305","0.00234245268033","3.07730351067632","3406.48","","","Transfer",""
"0xddebb82b6b9b901c90faf8a1720d7ba15a8a76281bed5970a7d668e8a73cb56b","13954758","1641510750","2022-01-06 23:12:30","0xab020f50404dcf45cdb2ff0fe90d3e67205b7a35","0xf89717c564aad8afafc9404d9a129565e33e9293","","0","0.00438856982360875","5.76530806297305","0.002385766435605","3.13420522411864","3406.48","","","Transfer",""
"0x46c7299bc7a64678d1afb5f559fbb3b6563cbb585f5554a8472aabdfcd4dc813","13955321","1641518294","2022-01-07 01:18:14","0xab020f50404dcf45cdb2ff0fe90d3e67205b7a35","0x181391f2e61bc6014791a9b2274cf8371c6ae2ab","","0","0.007413579899116005","9.73929404926769","0.004146182338767","5.4468812002616","3196.47","","","Transfer",""
"0xac6b77fe67afbfc3bcb8c16d73e8417003d6010414b5de2786f4c2bd5a2c41b2","13956826","1641538725","2022-01-07 06:58:45","0xab020f50404dcf45cdb2ff0fe90d3e67205b7a35","","0x3c99f2a4b366d46bcf2277639a135a6d1288eceb","0","0","0","0.293997773008534474","386.227814379042","3196.47","","","0x60c06040",""
"0x028be8fced163b41abfcee38f3c0aa1b3aa96f903bd014f0951d1501cf856243","13956836","1641538819","2022-01-07 07:00:19","0xab020f50404dcf45cdb2ff0fe90d3e67205b7a35","0x3c99f2a4b366d46bcf2277639a135a6d1288eceb","","0","0","0","0.00263322690350421","3.45929651540252","3196.47","","","Pause",""
"0xdf9035fca553126e0c8f310e36b03b7849ac032d8838a1a07932cbe2f4688a66","13956843","1641538873","2022-01-07 07:01:13","0xab020f50404dcf45cdb2ff0fe90d3e67205b7a35","0x3c99f2a4b366d46bcf2277639a135a6d1288eceb","","0","0","0","0.014382154943594711","18.8939807709498","3196.47","","","Mint",""
"0x943310a8ef1a93c0d121b443c7d755934d14fd255000bc95c46bd1507219446f","13957032","1641541147","2022-01-07 07:39:07","0xab020f50404dcf45cdb2ff0fe90d3e67205b7a35","0x3c99f2a4b366d46bcf2277639a135a6d1288eceb","","0","0","0","0.006721279329854216","8.82981186842278","3196.47","","","Whitelist Users",""
"0xb62a53fb7e07357221e1c2cf0d4c0535fc38d436f0a87a1b042949302567511c","13957157","1641542785","2022-01-07 08:06:25","0xab020f50404dcf45cdb2ff0fe90d3e67205b7a35","0x3c99f2a4b366d46bcf2277639a135a6d1288eceb","","0","0","0","0.00422140818563469","5.54570614755015","3196.47","","","Whitelist Users",""
"0xa6c16c9aba38c3651d568c1f9b59ed960c81150a77f32adaf17a0c3fac31f730","13957171","1641543106","2022-01-07 08:11:46","0xab020f50404dcf45cdb2ff0fe90d3e67205b7a35","0x3c99f2a4b366d46bcf2277639a135a6d1288eceb","","0","0","0","0.003882811987590237","5.10088893621717","3196.47","","","Whitelist Users",""
"0x3dd35cd5a5adeddfcd1fc82ec85c839efbc1c3ae57a8ae4c7cd28c1a009577be","13957194","1641543386","2022-01-07 08:16:26","0xab020f50404dcf45cdb2ff0fe90d3e67205b7a35","0x10c9acd5fc8ae5ff2b1a82b37de86f977b303d77","","0","0.1","131.371","0.002323026225471","3.05178278266351","3196.47","","","Transfer",""
"0x72aaf797cf006fa2a8f56644b2fa1dd58929763ec3eb372520919b75d9076726","13957219","1641543703","2022-01-07 08:21:43","0xab020f50404dcf45cdb2ff0fe90d3e67205b7a35","0x3c99f2a4b366d46bcf2277639a135a6d1288eceb","","0","0","0","0.002867062930442604","3.76648924235175","3196.47","","","Whitelist Users",""
"0x10ae052c2265045d462f52029e2c3add393bff8bca8c5685af835fa99d1b365f","13957262","1641544303","2022-01-07 08:31:43","0xab020f50404dcf45cdb2ff0fe90d3e67205b7a35","0x3c99f2a4b366d46bcf2277639a135a6d1288eceb","","0","0","0","0.0112461112717272","14.7741288387807","3196.47","","","Whitelist Users",""
"0x331a54efb9835d01703560db96d3b8772c40695228078d5d32b582153f88d30e","13957268","1641544388","2022-01-07 08:33:08","0xab020f50404dcf45cdb2ff0fe90d3e67205b7a35","0x9357ac47b1c7c6dc850434e41d8a8107535f5a1d","","0","0.1","131.371","0.002299845980418","3.02133066293493","3196.47","","","Transfer",""
"0x6a542fea3a64ed506d4358e87a563485be474f27194a08176f6e9e7dcf494e94","13957305","1641544809","2022-01-07 08:40:09","0xee35f3ad5dba7d3d6c1afacc937d474599f5f024","0xab020f50404dcf45cdb2ff0fe90d3e67205b7a35","","0.088","0","115.60648","0.002315617538115","3.04204991599706","3196.47","","","Transfer",""
"0xb9abbb185ccd13a2acd4484d5aa63a131ed9695690cf7ca3d9e7f4c1a801a6aa","13957416","1641546246","2022-01-07 09:04:06","0xab020f50404dcf45cdb2ff0fe90d3e67205b7a35","0x3c99f2a4b366d46bcf2277639a135a6d1288eceb","","0","0","0","0.8894810274754311","1168.52012060475","3196.47","","","Whitelist Users",""
"0x911c977f4471b7e59da2269eecfd5a634859415a337a49ed38e18c51101fb348","13957602","1641548790","2022-01-07 09:46:30","0xab020f50404dcf45cdb2ff0fe90d3e67205b7a35","0x3c99f2a4b366d46bcf2277639a135a6d1288eceb","","0","0","0","0.002612937409364366","3.43264200405606","3196.47","","","Pause",""
"0x9a3fca126e5eca39fb4ba8c80e2df483874767552f0de5bc28b05c8d55d46f30","13957607","1641548861","2022-01-07 09:47:41","0xab020f50404dcf45cdb2ff0fe90d3e67205b7a35","0xdca3375f630020edd373ea5236ed5206b239a504","","0","0.004608507304484078","6.05424213097378","0.001984671992205","2.60728344287963","3196.47","","","Transfer",""
"0xe25551855f5b5f50f9189fd9d2da9405a424820dd4c8c5ef1cb55547fafc73f7","13959801","1641578783","2022-01-07 18:06:23","0xab020f50404dcf45cdb2ff0fe90d3e67205b7a35","0x158795c55d0f6090c0bc182116b6e5aee370a2cf","","0","0.004676889307383873","6.14407625200327","0.002749977942684","3.6126735230834","3196.47","","","Transfer",""
"0x8354001a086b55c31bcac19d7f237b59fcf0f03aca9a8959d5f35a7d72486877","13959854","1641579542","2022-01-07 18:19:02","0xab020f50404dcf45cdb2ff0fe90d3e67205b7a35","0x9357ac47b1c7c6dc850434e41d8a8107535f5a1d","","0","0.1","131.371","0.003321854006079","4.36395282632604","3196.47","","","Transfer",""
"0x331d0790f2eb5d1bceb2237c6c7e2612a114fdddfc3d1f28575e634909305b08","13960056","1641581905","2022-01-07 18:58:25","0xab020f50404dcf45cdb2ff0fe90d3e67205b7a35","0x3c99f2a4b366d46bcf2277639a135a6d1288eceb","","0","0","0","0.0025765938230916","3.38489707133367","3196.47","","","Pause",""
"0xacaff79d12d587e10c81cc25c3ded512e6f4f3ae3b7d2e2f15ceb4a372d12110","13960873","1641592778","2022-01-07 21:59:38","0xab020f50404dcf45cdb2ff0fe90d3e67205b7a35","0x151de7e1f1fee067e4610bc72d268c54fae13beb","","0","0.037276341948310139","48.9703031809145","0.00300670244217","3.94993506530315","3196.47","","","Transfer",""
"0x6f5bfea8079ccb903eb21dd4b7802e4422b3fbfb634c7cda1d1cb547e726caf6","13961817","1641605104","2022-01-08 01:25:04","0xab020f50404dcf45cdb2ff0fe90d3e67205b7a35","0x3c99f2a4b366d46bcf2277639a135a6d1288eceb","","0","0.04","52.5484","0.015700330600273764","20.6256813128856","3080.81","","","Mint",""
"0x8ff309aa58d7bac98ea1185b24b6bfbb17719366ea25dafa668cefcaf748597f","13961958","1641607036","2022-01-08 01:57:16","0xab020f50404dcf45cdb2ff0fe90d3e67205b7a35","0xd6fe17cb4d019d97a55df1be89995cef43b2d66e","","0","0.03108061067183848","40.8309090457009","0.002439351112296","3.20459994973438","3080.81","","","Transfer",""
"0xfc51d1d96aa7fdd78575bcc5cae2643d44c4c3ee999dd65deb9408acbb80da8d","13962041","1641608209","2022-01-08 02:16:49","0xab020f50404dcf45cdb2ff0fe90d3e67205b7a35","0x3c99f2a4b366d46bcf2277639a135a6d1288eceb","","0","0.04","52.5484","0.017102019912678108","22.4670945794844","3080.81","","","Mint",""
"0x3c928f36c3a5e2f8474261ced7e1dca2a54b552d5c0e4edb3c62566e9d9e2088","13962383","1641613089","2022-01-08 03:38:09","0xab020f50404dcf45cdb2ff0fe90d3e67205b7a35","0x3c99f2a4b366d46bcf2277639a135a6d1288eceb","","0","0","0","0.00323601944403997","4.25119110382975","3080.81","","","Pause",""
"0xfa89a401288f274176a24d796245dff9321998ff75a31d7f97359768aa34a546","13962724","1641617665","2022-01-08 04:54:25","0x4ef8e0c72a504d17399f6d1528737e34c1a326db","0xab020f50404dcf45cdb2ff0fe90d3e67205b7a35","","7.8","0","10246.938","0.002478","3.25537338","3080.81","","","Transfer",""
"0xa85b72f98d765be3544bd8abf581bd44691aacdab3873344f05220c954ec5927","13963063","1641621953","2022-01-08 06:05:53","0xab020f50404dcf45cdb2ff0fe90d3e67205b7a35","0x3c99f2a4b366d46bcf2277639a135a6d1288eceb","","0","0","0","0.211526209999112615","277.884097337934","3080.81","","","Whitelist Users",""
"0x6ec4bae479d1f8c05601c184c639fdab20edf525c8f080461873cc9434ae5cd9","13963080","1641622224","2022-01-08 06:10:24","0xab020f50404dcf45cdb2ff0fe90d3e67205b7a35","0x3c99f2a4b366d46bcf2277639a135a6d1288eceb","","0","0","0","0.002576827926049","3.38520461472983","3080.81","","","Pause",""
"0x19f72f56343f1ec674bf540745c060437418c216ef2871d6e1bc7a208e83a3a0","13963110","1641622576","2022-01-08 06:16:16","0xab020f50404dcf45cdb2ff0fe90d3e67205b7a35","0x10c9acd5fc8ae5ff2b1a82b37de86f977b303d77","","0","0.1","131.371","0.001590449626206","2.08938957844308","3080.81","","","Transfer",""
"0x4d01c049f9a8c5a15e7011cc6b898f02e8229583f0d6a33f6d50f608556b1ae0","13963130","1641622871","2022-01-08 06:21:11","0xab020f50404dcf45cdb2ff0fe90d3e67205b7a35","0x10c9acd5fc8ae5ff2b1a82b37de86f977b303d77","","0","0.2","262.742","0.001799090388354","2.36348303408453","3080.81","","","Transfer",""
"0x91e6ff0dfae52613ecbfcf7242415742b9c9917220bf4657b518ba5e74ce1b9e","13963245","1641624394","2022-01-08 06:46:34","0xab020f50404dcf45cdb2ff0fe90d3e67205b7a35","0x5ea195610ffb1d44a631060e6348e19a71daf84b","","0","0.055849014218098201","73.3694084684578","0.001933774785033","2.5404192728457","3080.81","","","Transfer",""
"0xd75ec3835670f293f130d6883d9cdba106353f1b62fa8c5aff7182638c872657","13963252","1641624502","2022-01-08 06:48:22","0xab020f50404dcf45cdb2ff0fe90d3e67205b7a35","0xed942edcb35de1c58cc2d28b7aaa09c3cf16d21a","","0","0.063101336998625516","82.8968574284643","0.001714789841898","2.25273656319982","3080.81","","","Transfer",""
"0x59f1d4d3685ec8e66007019bd3d5ca46a271f2446f845e24b97770447b4554f8","13963266","1641624782","2022-01-08 06:53:02","0xab020f50404dcf45cdb2ff0fe90d3e67205b7a35","0x7e68611e0cddcc26cd2e2420f4d9943e786f4595","","0","0.089909528536909734","118.115046734224","0.0023006590278","3.02239877141114","3080.81","","","Transfer",""
"0xcb6025bb3c741f261f03f3a131ee4f32520127826889c7bb6d092f0b0291003f","13963279","1641624983","2022-01-08 06:56:23","0xab020f50404dcf45cdb2ff0fe90d3e67205b7a35","0x42e3f17c4661180492615686e48c0a3429df2e05","","0","0.03608996356780402","47.4117460386598","0.002080475716431","2.73314175343257","3080.81","","","Transfer",""
"0xea4ada3dfa8e724e881642a90a92f1bfa66b31a625e7dc09bcb46c9f7ecd218d","13963286","1641625027","2022-01-08 06:57:07","0xab020f50404dcf45cdb2ff0fe90d3e67205b7a35","0x4e41006520781d79137ed85e5c24a85808b0f8cb","","0","0.144917170196819908","190.379135659264","0.00170417681637","2.23879412543343","3080.81","","","Transfer",""
"0xf6f14b72627c11893fe9f288c9b1047ec753d48c679c94a82a7d1fa074b954a4","13963289","1641625097","2022-01-08 06:58:17","0xab020f50404dcf45cdb2ff0fe90d3e67205b7a35","0x1b9001f2597350045d9c1235c5de815aff9479d0","","0","0.10223932080772171","134.312818138312","0.001907254870815","2.50557979633837","3080.81","","","Transfer",""
"0x237f961f7e231308e8798d39ca5f75ac91bbd076a1587d0c61e196e2cbff5345","13963290","1641625110","2022-01-08 06:58:30","0xab020f50404dcf45cdb2ff0fe90d3e67205b7a35","0xa020a8e7037f3e393966247d0b2b0bbaafbae789","","0","0.032318812656544249","42.4575473750288","0.002141612012463","2.81345711689277","3080.81","","","Transfer",""
"0xb1d44414a82b633a4c3876b2599a1e8d01f9f852fe0f6ad83c5df1f02e6da6f3","13963293","1641625161","2022-01-08 06:59:21","0xab020f50404dcf45cdb2ff0fe90d3e67205b7a35","0xc3d660c883309711d407a10b3671993b88dffa8a","","0","0.083904609781412953","110.22632491594","0.00222849986772","2.92760256122244","3080.81","","","Transfer",""
"0x6124d50201701de380b27bb58c711b0e55e838797f88f0d7f3fb6b2d4b9fe957","13963299","1641625223","2022-01-08 07:00:23","0xab020f50404dcf45cdb2ff0fe90d3e67205b7a35","0x5a41b6f18f086e67cbbe8047623d1519ffa37f7d","","0","0.133259196903665092","175.063939564314","0.001749979240401","2.2989652279072","3080.81","","","Transfer",""
"0x1253a3bca88c9314ef252348b3ef02c1fde45dddb8ac5fab510db17fa7229d73","13963303","1641625293","2022-01-08 07:01:33","0xab020f50404dcf45cdb2ff0fe90d3e67205b7a35","0xc3d660c883309711d407a10b3671993b88dffa8a","","0","0.083869424624684324","110.180101823694","0.001872694144986","2.46017702520956","3080.81","","","Transfer",""
"0xe5b2fd30a93efe1e8c7a2f63c2514703291592d2f817e9e99a2d6512b0f7e0a4","13963306","1641625329","2022-01-08 07:02:09","0xab020f50404dcf45cdb2ff0fe90d3e67205b7a35","0x8738bf1815f0958913e8a8a772f2f3df3a2e4a38","","0","0.159677910393975733","209.77046766367","0.001916463937437","2.51767783925036","3080.81","","","Transfer",""
"0xb4cd02548a4b0c0a12bf8c0f166e1df1f4e49ca9dd30f5704f7b392836154655","13963311","1641625394","2022-01-08 07:03:14","0xab020f50404dcf45cdb2ff0fe90d3e67205b7a35","0x173369d91bb6a5f8fa23574ed60fceb2e10ca48f","","0","0.066767076067885037","87.7125755011413","0.001729961841552","2.27266817086528","3080.81","","","Transfer",""
"0xb8b5b20d1cf14e3616dfc6a2fb889195dbee705078881f756a9893ce32305ff1","13963315","1641625476","2022-01-08 07:04:36","0xab020f50404dcf45cdb2ff0fe90d3e67205b7a35","0x0a7a8d210318c50ff8b26467809f336a7fec39a0","","0","0.119249103302641183","156.658739499713","0.002057877325833","2.70345402172007","3080.81","","","Transfer",""
"0x7e124f9227d160b113702fc3d237a81b317010b6e50ee67dc5e183ab044d6ea5","13963318","1641625540","2022-01-08 07:05:40","0xab020f50404dcf45cdb2ff0fe90d3e67205b7a35","0x3c99f2a4b366d46bcf2277639a135a6d1288eceb","","0","0","0","0.00275355619582505","3.61737431001733","3080.81","","","Pause",""
"0xf398d084917caaaacf2c97c1c7e626a93494d03bda9be9f39cd57d6f15c905d0","13963325","1641625573","2022-01-08 07:06:13","0xab020f50404dcf45cdb2ff0fe90d3e67205b7a35","0x467693926b4fedc53e45544984f45e87cbe53769","","0","0.058594113306754134","76.975672592216","0.001489952281944","1.95736521231265","3080.81","","","Transfer",""
"0xc0bd533339ff8d47fa8ac56fc9a595e79caa009a601e81953c84452132291679","13963328","1641625606","2022-01-08 07:06:46","0xab020f50404dcf45cdb2ff0fe90d3e67205b7a35","0x872652097750b6009c2efdafe4909385086b8627","","0","0.031607913134017552","41.5236315632902","0.001676885164815","2.20294080986911","3080.81","","","Transfer",""
"0x95a6265a916087b082eb364b069836a19071ff065737066b5797b78a0c104e2d","13963331","1641625630","2022-01-08 07:07:10","0xab020f50404dcf45cdb2ff0fe90d3e67205b7a35","0xbff0421ce550414d0d1d6ba85aef76a96889c633","","0","0.097302791412563837","127.827650106599","0.001463942465664","1.92319585656745","3080.81","","","Transfer",""
"0x76d2e17963180e20bf55b3d474895fb161116f9fe47eb716f90785910479778e","13963335","1641625667","2022-01-08 07:07:47","0xab020f50404dcf45cdb2ff0fe90d3e67205b7a35","0x4a7c6c73832488b5e2f518f267de65368612d1c7","","0","0.088935990877088603","116.83610057514","0.00131633959821","1.72928849356446","3080.81","","","Transfer",""
"0xa9455ec7fdc0e837b677a519f957710d0beeac101541587b5213a6ae176c13d4","13963337","1641625688","2022-01-08 07:08:08","0xab020f50404dcf45cdb2ff0fe90d3e67205b7a35","0xc50f37305fa2e0ed2f8fe02c09738128f5ab18a7","","0","0.076633107363914183","100.673679475048","0.001539133101744","2.02197454709211","3080.81","","","Transfer",""
"0x8e76184c29bc5a340ac2845fce7e843f0e893b96511859489804112690ef01b1","13963340","1641625759","2022-01-08 07:09:19","0xab020f50404dcf45cdb2ff0fe90d3e67205b7a35","0x426b7da1e4d2253efa01af13f792eed9ed57d2ed","","0","0.226164327463608951","297.114338632218","0.001752835207662","2.30271714065765","3080.81","","","Transfer",""
"0x6be835272f9cd5fa6de1e643e3d9d73e21016d1c6bad6e9f7b5a84c3653675e1","13963341","1641625760","2022-01-08 07:09:20","0xab020f50404dcf45cdb2ff0fe90d3e67205b7a35","0x223ac18376cd0e2069782977564e483a5facb087","","0","0.0325706628284984","42.7884054644266","0.001796691220464","2.36033122323576","3080.81","","","Transfer",""
"0xdba5a6b0e6f9e12888f280a1f55507ecdb756d030c112116a60c247c80604f15","13963345","1641625816","2022-01-08 07:10:16","0xab020f50404dcf45cdb2ff0fe90d3e67205b7a35","0xfbf74286495ee4ae915887939dab2c5845d1bb65","","0","0.073826835744596372","96.9870523860337","0.001550685710973","2.03715132536234","3080.81","","","Transfer",""
"0x0eae242950e8fd02aae6c8fdb0240283e75c4dc58ec603154f33461a19947cdb","13963348","1641625849","2022-01-08 07:10:49","0xab020f50404dcf45cdb2ff0fe90d3e67205b7a35","0x65b4441afe3bb7e51663d192f8455a69339f8d0a","","0","0.038500946999099574","50.5790790821871","0.001517432799645","1.99346664322163","3080.81","","","Transfer",""
"0x07c9316ae4de979128025b51c70bd897567aef0a94d6e1b6a75e37798159c1dc","13963352","1641625893","2022-01-08 07:11:33","0xab020f50404dcf45cdb2ff0fe90d3e67205b7a35","0x7b6eabe555b5fc7e9f6047dba3d1a3e72b81093c","","0","0.189952977326691188","249.543125843847","0.001605937671597","2.10973637855369","3080.81","","","Transfer",""
"0xdfb8a7ee3b2bffb44dcafcccc81a0f5b92d8d9cf14a911ae8a6880f2125c504d","13963353","1641625923","2022-01-08 07:12:03","0xab020f50404dcf45cdb2ff0fe90d3e67205b7a35","0x61e6a080305903744051b42e479e7ac6fcf1ad39","","0","0.046558113837692208","61.1638597297146","0.001798215686778","2.36233392987713","3080.81","","","Transfer",""
"0x0eb53d3a8ec5555bc4df86e73a56614a66ea33a0f842e539fbdd9b20991e1a5c","13963355","1641625990","2022-01-08 07:13:10","0xab020f50404dcf45cdb2ff0fe90d3e67205b7a35","0x85b3ae31104858d807c5b3a87b3e487a4b199237","","0","0.055224792829463978","72.5493625879951","0.001953430567746","2.5662412711536","3080.81","","","Transfer",""
"0xbe607bc59f2a98ba33023f404e73bf2f17e64d1952d3dda159d7d298d83ba7f5","13963355","1641625990","2022-01-08 07:13:10","0xab020f50404dcf45cdb2ff0fe90d3e67205b7a35","0xa1ed2a17364d6e776f815182e07687887604bab8","","0","0.193356362293336812","254.014186708379","0.001953430567746","2.5662412711536","3080.81","","","Transfer",""
"0xcd9f86fe1c2d213121ec5bc740aa12c2b317a4027bec3d083685c2d83b3f1e28","13963357","1641626007","2022-01-08 07:13:27","0xab020f50404dcf45cdb2ff0fe90d3e67205b7a35","0xdebddc4f4ab0c52ac47a15edae728ecec2897027","","0","0.153559318879110038","201.732412804676","0.002029993420161","2.66682265599971","3080.81","","","Transfer",""
"0x2109f3f52cc6f14f32d7e1287695d4801c3a883cd50efad896ec8c1a4ab408cf","13963360","1641626042","2022-01-08 07:14:02","0xab020f50404dcf45cdb2ff0fe90d3e67205b7a35","0x94159e23aa5a71d0331229211168848301766223","","0","0.192800859376455318","253.284416971443","0.001755766843929","2.30656846053797","3080.81","","","Transfer",""
"0x8fb671ccf13aab3451f13c6881930c97ae68af7748aec08bbbd840ced2500816","13963365","1641626096","2022-01-08 07:14:56","0xab020f50404dcf45cdb2ff0fe90d3e67205b7a35","0x65b4441afe3bb7e51663d192f8455a69339f8d0a","","0","0.122677284204445577","161.162375032222","0.001550198735085","2.03651158026852","3080.81","","","Transfer",""
"0x5fbe81e90f6efd7a1dd4f21bfde4cd982a22b4e2138c923e2f370a7facbaef65","13963366","1641626119","2022-01-08 07:15:19","0xab020f50404dcf45cdb2ff0fe90d3e67205b7a35","0x880f9f7802a956ed607e96b513ba1d788a46d1e5","","0","0.131020093887384816","172.122407540796","0.00173988558954","2.28570509783459","3080.81","","","Transfer",""
"0xba95df617e1124a19fac3ddda4ac2017ed3b0708d5a7065e5a3d8cf95a0badef","13963368","1641626151","2022-01-08 07:15:51","0xab020f50404dcf45cdb2ff0fe90d3e67205b7a35","0x1e6be10e758f7bb18ad98c044f02255df43c168c","","0","0.072650952534711012","95.4422828543752","0.001878327679977","2.46757785646258","3080.81","","","Transfer",""
"0xd039fdf8bf21e84c4eee9d1665e886eb93db6faf43d108eaa908366f9e6c68d2","13963373","1641626209","2022-01-08 07:16:49","0xab020f50404dcf45cdb2ff0fe90d3e67205b7a35","0x151de7e1f1fee067e4610bc72d268c54fae13beb","","0","0.037265460507928226","48.9560081238704","0.001654615261488","2.1736846151694","3080.81","","","Transfer",""
"0x7be43ac0682121e2e2e6ed32d3a2c6f04372319d66a40f19e343233f04c451ef","13963377","1641626242","2022-01-08 07:17:22","0xab020f50404dcf45cdb2ff0fe90d3e67205b7a35","0x0a0e6c30a6eaa8e8a810479055f838c32abcc2c6","","0","0.012422938956783701","16.3201391369163","0.00152658946524","2.00549584638044","3080.81","","","Transfer",""
"0x237011952d78a368eb943e2052d46ff18ce9be2e41d4b6fb4367cc7e329d8ef6","13963380","1641626261","2022-01-08 07:17:41","0xab020f50404dcf45cdb2ff0fe90d3e67205b7a35","0x158795c55d0f6090c0bc182116b6e5aee370a2cf","","0","0.050953514239021692","66.9381411909452","0.001405061093436","1.84584280905781","3080.81","","","Transfer",""
"0xec6b2447b949aaf3be58d2f794167dfe5c0baf2b50c626f5a9b31f286e0094b4","13963382","1641626298","2022-01-08 07:18:18","0xab020f50404dcf45cdb2ff0fe90d3e67205b7a35","0x80f44db71a963d880af8dd1d68736c8e413a47c5","","0","0.186108651411349832","244.492796445604","0.001664350894017","2.18647441297907","3080.81","","","Transfer",""
"0x633ae8bcc5bf2079e4aea3cfeb4c7ae9ca7aca0d1b78c728ac9ffaf2e5e83a52","13963384","1641626347","2022-01-08 07:19:07","0xab020f50404dcf45cdb2ff0fe90d3e67205b7a35","0x0a0e6c30a6eaa8e8a810479055f838c32abcc2c6","","0","0.02299171987385624","30.2044523154837","0.001723121886906","2.26368245404728","3080.81","","","Transfer",""
"0x0a00d9e4032f89d053ed2c2f17df03f050c9a33b33047894dbcbf6bd3e7b2c13","13963388","1641626409","2022-01-08 07:20:09","0xab020f50404dcf45cdb2ff0fe90d3e67205b7a35","0xf9938faad01bf8884bb8fdadf17edc658819e38f","","0","0.030141728270765941","39.5974898465879","0.00161056584885","2.11581646129273","3080.81","","","Transfer",""
"0xa9594eadb8e581eb1a5aa6db159ee5ba106cebdf5e5e20f8c53cc42fd4364355","13963391","1641626438","2022-01-08 07:20:38","0xab020f50404dcf45cdb2ff0fe90d3e67205b7a35","0x5d56b22ed80f9d8b69e6cc1c4b2a469d1db18972","","0","0.058391802784792041","76.7098952364092","0.001662919858089","2.1845944467701","3080.81","","","Transfer",""
"0xd2aedbc020ef7172e51beb3b7bf5cc56b6281c22c9b950349ce87384c042b049","13963392","1641626454","2022-01-08 07:20:54","0xab020f50404dcf45cdb2ff0fe90d3e67205b7a35","0x3d55f2dacfe8626637940d59ccf94dfc194a3109","","0","0.068952022437360814","90.5829613961853","0.001677638400396","2.20393034298423","3080.81","","","Transfer",""
"0x3072f14636ff8e10b6d627f0de1c72ef1e3227da623817e94c3f70800772fb59","13963395","1641626514","2022-01-08 07:21:54","0xab020f50404dcf45cdb2ff0fe90d3e67205b7a35","0x4b2380de8467825dfe2af2c577d77003450c680e","","0","0.081664844992050876","107.283923514507","0.00165275476422","2.17124046130346","3080.81","","","Transfer",""
"0xe5652227e6bd6175808ebc93df085e9d5307e3ddaea578612f0a79e266f6d7bb","13963398","1641626547","2022-01-08 07:22:27","0xab020f50404dcf45cdb2ff0fe90d3e67205b7a35","0x64fbe0e94694eba0c8954a9e5af855f4ce5fb9f3","","0","0.034163930964012958","44.8814977467335","0.001585940601168","2.08346602716041","3080.81","","","Transfer",""
"0x0ba8fbce15da6a8a3f36a17e61c08f315bc8ade52eda18ba3d35a132a9723d84","13963403","1641626595","2022-01-08 07:23:15","0xab020f50404dcf45cdb2ff0fe90d3e67205b7a35","0x6e573611d289633375c41b2dc94ca1dc7ae46ba6","","0","0.059917977566460834","78.7148463088353","0.001414226308887","1.85788324424794","3080.81","","","Transfer",""
"0x9d937d3ccf45ac8cb450cbbce04dc95425f8edb2f95fbca46742fd12d5e4ace9","13963406","1641626648","2022-01-08 07:24:08","0xab020f50404dcf45cdb2ff0fe90d3e67205b7a35","0xf98dd7e0d41586ab71f843df3f29723ada890727","","0","0.145358317570652527","190.958675375742","0.001596054074013","2.09675219757162","3080.81","","","Transfer",""
"0x0c7ddfc55cf44daccdf1b3a9acd2ac6b78868f09eb04a9e0fe43a198ef85e1f8","13963410","1641626678","2022-01-08 07:24:38","0xab020f50404dcf45cdb2ff0fe90d3e67205b7a35","0xdb1a79b4676b1ab33f23c2765db0ed9f11dccd88","","0","0.055911734009244074","73.451804085284","0.001440297347223","1.89213302802033","3080.81","","","Transfer",""
"0x11437b69e2b4d60c0989dddf88005fae087c3299520396764e687e68f98a311b","13963415","1641626701","2022-01-08 07:25:01","0xab020f50404dcf45cdb2ff0fe90d3e67205b7a35","0x9accbf1ff2b1677ff61307a0dc59970add8324d3","","0","0.094739327071219125","124.460001366731","0.001379093323986","1.81172869065365","3080.81","","","Transfer",""
"0xf272854c4e88b56f0470db58e9972e9acf0deffc329ffaa481a867ab34be9ab2","13963421","1641626760","2022-01-08 07:26:00","0xab020f50404dcf45cdb2ff0fe90d3e67205b7a35","0xc3893f7b47342e8b7f2daf5600bdfe436fa54bb1","","0","0.092235738398327955","121.171011891267","0.001326936083718","1.74320920254117","3080.81","","","Transfer",""
"0xb34d890bef8ba706fd31a25dce04c07ca03a683916136e566304a24b63fa3cfb","13963422","1641626767","2022-01-08 07:26:07","0xab020f50404dcf45cdb2ff0fe90d3e67205b7a35","0x0dcf85a7f550c4455e82b8e9115511f29d4c3d25","","0","0.135323037195212793","177.775227193723","0.001488789313431","1.95583740894744","3080.81","","","Transfer",""
"0xeb1d36881a50d6a5e33e0dc75e636586fe95c48c91bdd039ef4ab4a4b277b780","13963427","1641626803","2022-01-08 07:26:43","0xab020f50404dcf45cdb2ff0fe90d3e67205b7a35","0x294593a0200dadd5e443e323ad9e70a1c03a6d4d","","0","0.071702833658737967","94.1967296058207","0.001348034926791","1.7709269636746","3080.81","","","Transfer",""
"0xbf8e43918c6c75210110bfd35ecd0ed78c966fe07776ba1dd88ae8589dd7674a","13963427","1641626803","2022-01-08 07:26:43","0xab020f50404dcf45cdb2ff0fe90d3e67205b7a35","0xd1592e17ce30d5fa6e160e11969200284097cf87","","0","0.046260649263555302","60.7730775440252","0.001348034926791","1.7709269636746","3080.81","","","Transfer",""
"0xc5b12aef85761d07272df7ad8554fd357d099c05473cc0415fff7667ec379186","13963434","1641626877","2022-01-08 07:27:57","0xab020f50404dcf45cdb2ff0fe90d3e67205b7a35","0x42e3f17c4661180492615686e48c0a3429df2e05","","0","0.016451452694313385","21.6124379190464","0.001561254048396","2.05103505591831","3080.81","","","Transfer",""
"0x4d813413b0b201721f90bea971ebed43b16a5637b1ffe06242f7c041e50bd8eb","13963434","1641626877","2022-01-08 07:27:57","0xab020f50404dcf45cdb2ff0fe90d3e67205b7a35","0x5a2db62f17e20606877758875bc6398ed24859dd","","0","0.059594755661501789","78.2902264600715","0.001561254048396","2.05103505591831","3080.81","","","Transfer",""
"0x17ad8e4b2507c0533c3dca558eba45373946e623d6bc9da85030b7c9010df87a","13963434","1641626877","2022-01-08 07:27:57","0xab020f50404dcf45cdb2ff0fe90d3e67205b7a35","0xb91880aadc2db1a5a4cc7a60ffb00a211f705e9f","","0","0.110188220103297578","144.755366631903","0.001561254048396","2.05103505591831","3080.81","","","Transfer",""
"0x6ce0b1245997c22487f72435bb0b159686b745469505cd5ee9f3c3871e56828e","13963435","1641626905","2022-01-08 07:28:25","0xab020f50404dcf45cdb2ff0fe90d3e67205b7a35","0x7f7a4a90beb71994e81f47a093d006044709aa99","","0","0.047160152153543526","61.9547634856317","0.00174368851335","2.29070103687303","3080.81","","","Transfer",""
"0xc75587d392886ce9f2a45bbcd5213ec24bdce0a3fd60e185e3d3bac6750db469","13963437","1641626931","2022-01-08 07:28:51","0xab020f50404dcf45cdb2ff0fe90d3e67205b7a35","0x00f2993b12435b7f709aa9fc4f2e593d028cb477","","0","0.008690065703103905","11.4162262148246","0.001688649053196","2.21839514767412","3080.81","","","Transfer",""
"0x71ad1af91d0cf9ca6fb91aca7aa289648a38a7eecfdc6def927662f07d83bd5b","13963445","1641627020","2022-01-08 07:30:20","0xab020f50404dcf45cdb2ff0fe90d3e67205b7a35","0x2248bf80865f89ae6d029c080b344d1b66acd8c8","","0","0.037558393990656962","49.340837769466","0.001375940728617","1.80758709459144","3080.81","","","Transfer",""
"0x6faa3004de4add1749c9d5c0f1226e00aa35dd74684040578f698947f83b6a20","13963446","1641627025","2022-01-08 07:30:25","0xab020f50404dcf45cdb2ff0fe90d3e67205b7a35","0x00f2993b12435b7f709aa9fc4f2e593d028cb477","","0","0.033216712663018002","43.6371275925334","0.001543870896351","2.02819863524527","3080.81","","","Transfer",""
"0x514712a26226ee394793f8e425f62006de29b18dc4798ee90c023cf26cee2674","13963451","1641627104","2022-01-08 07:31:44","0xab020f50404dcf45cdb2ff0fe90d3e67205b7a35","0xa60cadd2e02a28a5914d77131f90d1b1f57e23f3","","0","0.065513097962263214","86.0652119240048","0.001629513220335","2.14070781268629","3080.81","","","Transfer",""
"0xaba77278a0c5c30df7f22c2857d5b26481f547420ab67081b393a351d9622638","13963456","1641627136","2022-01-08 07:32:16","0xab020f50404dcf45cdb2ff0fe90d3e67205b7a35","0x8b67aaf03d06d3b4afa322c80ab4a71f5cbb95ee","","0","0.146240138105336369","192.117131830361","0.001430233999383","1.87891270732944","3080.81","","","Transfer",""
"0x8aef4106e448f5678262ae72a5ae118b192976ec2de6cdf646bba8160ffdedbd","13963456","1641627136","2022-01-08 07:32:16","0xab020f50404dcf45cdb2ff0fe90d3e67205b7a35","0x0723a5bcdfc7a0d88690040c3a8db0b3cfbdd2a8","","0","0.02296268253781085","30.1663056767475","0.001430233999383","1.87891270732944","3080.81","","","Transfer",""
"0x59e28a7c4a9fdc177226f36747036d186beaf5a321f91b7df2352fd8210e83e6","13963456","1641627136","2022-01-08 07:32:16","0xab020f50404dcf45cdb2ff0fe90d3e67205b7a35","0xf89717c564aad8afafc9404d9a129565e33e9293","","0","0.025755441224841899","33.8351806914871","0.001430233999383","1.87891270732944","3080.81","","","Transfer",""
"0xde8b2c6fe494238086e75c0f8fda3a77bd8c5bd8c92d53cd0ddee261855da428","13963456","1641627136","2022-01-08 07:32:16","0xab020f50404dcf45cdb2ff0fe90d3e67205b7a35","0xa14840039194c59a62c1af45220f7b681b1e8cc8","","0","0.025447661608168079","33.4308475312665","0.001430233999383","1.87891270732944","3080.81","","","Transfer",""
"0x7520eaf03238b338d41eef69c829deee2bff8b400510f24c320f08e1221ae839","13963456","1641627136","2022-01-08 07:32:16","0xab020f50404dcf45cdb2ff0fe90d3e67205b7a35","0x1bd57d21d088ae7411687a30c37648a045fa5a1d","","0","0.030102721658442727","39.5462464699128","0.001430233999383","1.87891270732944","3080.81","","","Transfer",""
"0xee9001d310e41e8ceb00e9fbbef3891b5519d6912c5f8fd8b18edaf34e6c520c","13963458","1641627174","2022-01-08 07:32:54","0xab020f50404dcf45cdb2ff0fe90d3e67205b7a35","0xb437278c2e5861770b47bcbbdb6b7999c6c877b1","","0","0.082256242162376927","108.060847891136","0.001746215793819","2.29402115049796","3080.81","","","Transfer",""
"0x7ad360851e6dfdb2ad345d05461d40d88f077aeb0b9e36d51480127009e37b5d","13963459","1641627191","2022-01-08 07:33:11","0xab020f50404dcf45cdb2ff0fe90d3e67205b7a35","0x537038d516e7e71bff78a555799ce0daa01e79a1","","0","0.028873558650580265","37.9314827348538","0.001919691528846","2.52191795836028","3080.81","","","Transfer",""
"0xfa91eaaddc0ce033b6bee261ef1e5ac4d319851b33e6bb1ffdb21da0def0c89c","13963464","1641627257","2022-01-08 07:34:17","0xab020f50404dcf45cdb2ff0fe90d3e67205b7a35","0xdea4e3faa374e1bcde2ce3a12fc3fdb80dbbdc85","","0","0.027631685160232727","36.3000211118493","0.001793549720781","2.35620420368721","3080.81","","","Transfer",""
"0x73153190ea2d3118d5611b8137efc7c263f818c9c66078030ebbfb20cf5a79f9","13963465","1641627259","2022-01-08 07:34:19","0xab020f50404dcf45cdb2ff0fe90d3e67205b7a35","0x955c33d38ab4a2f99682d766cb330bc73d6e685b","","0","0.080443526470268507","105.679465159256","0.001648210514937","2.16527063557789","3080.81","","","Transfer",""
"0x0b269f18ab42283921ebf60b16af3691e7a10e00c5a7f9bce674dda9f022f6e1","13963467","1641627319","2022-01-08 07:35:19","0xab020f50404dcf45cdb2ff0fe90d3e67205b7a35","0x7b5a9e2331553f1ceb8104d82bb8edcdc4327b3c","","0","0.115532255860466851","151.775879846454","0.002075940057576","2.72718321303817","3080.81","","","Transfer",""
"0xc55c61a1f7187078c7181e44cf81a5258a61c52533edd0cf9a71cb68f864df70","13963467","1641627319","2022-01-08 07:35:19","0xab020f50404dcf45cdb2ff0fe90d3e67205b7a35","0x139bdaa79c0a971b9b795cc5f26c5543b0ba7be0","","0","0.024538733925576195","32.2367801453687","0.002075940057576","2.72718321303817","3080.81","","","Transfer",""
"0x41fe67ff7be50f7a1406ee85e205049a30317bef99131e8f33a77958a5422444","13963469","1641627330","2022-01-08 07:35:30","0xab020f50404dcf45cdb2ff0fe90d3e67205b7a35","0xf3a100912e2c3e42edf95bbea6b2a9ae6d387d97","","0","0.026704259639927215","35.0816529315688","0.001988217802473","2.6119416092868","3080.81","","","Transfer",""
"0xfa1c80f33241a539eed9ef95e3d0c494e55dbe4f17aa2cb0af7417e3e98a1d67","13963470","1641627343","2022-01-08 07:35:43","0xab020f50404dcf45cdb2ff0fe90d3e67205b7a35","0x5455e252a1aa0811548876c0cbf91dcf1bca89c4","","0","0.024843794641193496","32.6375414580823","0.002020666298364","2.65456952282377","3080.81","","","Transfer",""
"0x4015299b3b8bbddd1a2675cc1ce64ba8b2e543cc35aa9ac4d1b0822eb5094f9a","13963470","1641627343","2022-01-08 07:35:43","0xab020f50404dcf45cdb2ff0fe90d3e67205b7a35","0x91673eae55556e9e63fb6b484cc782c1ea6c6182","","0","0.024565287693723725","32.2716640961218","0.002020666298364","2.65456952282377","3080.81","","","Transfer",""
"0xb9ed76c5df1191ea62ab0e7ef4bead658b7821d52f71b389e04b831a41f22b53","13963471","1641627390","2022-01-08 07:36:30","0xab020f50404dcf45cdb2ff0fe90d3e67205b7a35","0x151de7e1f1fee067e4610bc72d268c54fae13beb","","0","0.024565287693723725","32.2716640961218","0.002232825079149","2.93328463472883","3080.81","","","Transfer",""
"0x311bad74cd5577ad9fd40143b15094e6f0558644f168ad2b723fd3b54718e6dd","13963476","1641627413","2022-01-08 07:36:53","0xab020f50404dcf45cdb2ff0fe90d3e67205b7a35","0xd93edde7c32df8bc5dd4ae3a5a350fd93da4c9d7","","0","0.02829672379909948","37.173689022115","0.001940935125444","2.54982588364704","3080.81","","","Transfer",""
"0x7c3b53a23d42f5a24f9141c66bc33f8216f76059a508d0ca7f4747561bb759ae","13963478","1641627424","2022-01-08 07:37:04","0xab020f50404dcf45cdb2ff0fe90d3e67205b7a35","0xdb9747b088bf89ab2101d93cc6f65fe1e4a031bc","","0","0.086512189505262305","113.651928474958","0.001651608701358","2.16973486706102","3080.81","","","Transfer",""
"0xf807da84e9c8737128b19cb21eb54eb8637741c15493a3ebd4278dcd29fe741e","13963480","1641627451","2022-01-08 07:37:31","0xab020f50404dcf45cdb2ff0fe90d3e67205b7a35","0x002a157d53a78ab41bdb07a8930747eccbbefa5a","","0","0.022705217845679166","29.8280717360472","0.001639932290535","2.15439544939873","3080.81","","","Transfer",""
"0xb58845da00cbb0cbf70978168544a8d9e7867329483deaac6138e668903f2498","13963482","1641627473","2022-01-08 07:37:53","0xab020f50404dcf45cdb2ff0fe90d3e67205b7a35","0xab020f50404dcf45cdb2ff0fe90d3e67205b7a35","","0.032347059061375434","0.032347059061375434","42.4946549595195","0.001785252477204","2.34530403182767","3080.81","","","Transfer",""
"0x51869c977a08af624101c8c43a828991ea33d41f6aa54cb62750b9a133de8d20","13963486","1641627546","2022-01-08 07:39:06","0xab020f50404dcf45cdb2ff0fe90d3e67205b7a35","0xbebce39ff3dfd3f6f9d257ffbd8af7d9e2479205","","0","0.065287950953204085","85.7694340467337","0.001544322028599","2.02879129219079","3080.81","","","Transfer",""
"0x27a060ff04144085de72f9e9660bff67d0db99e16a80d23a535cfa2988b8aab3","13963490","1641627579","2022-01-08 07:39:39","0xab020f50404dcf45cdb2ff0fe90d3e67205b7a35","0x4eb9a02883f13610a21da2bd8fedd842078a0c93","","0","0.038859217717316289","51.0497429074156","0.001703207213883","2.23752034895024","3080.81","","","Transfer",""
"0x94284c543a3ce7e9ac23cb7cbd3c5438cd5e829e17821649208f446fc67d380a","13963490","1641627579","2022-01-08 07:39:39","0xab020f50404dcf45cdb2ff0fe90d3e67205b7a35","0x99b7782625954f6ac78aeef25463c22a320171cc","","0","0.028918000366916564","37.989866262022","0.001703207213883","2.23752034895024","3080.81","","","Transfer",""
"0xcf75e0a48b6f1a88a879f40d297804b4e40fca32b143932c60961b75da055886","13963490","1641627579","2022-01-08 07:39:39","0xab020f50404dcf45cdb2ff0fe90d3e67205b7a35","0x6e5dd0acdc74b6a688c7ceac0ac1fe3c90a06ade","","0","0.051617075923743544","67.8098688117811","0.001703207213883","2.23752034895024","3080.81","","","Transfer",""
"0x57c9762de70cd7125ad2264ae941b3155149956d63bf7b0e601cf6a285c8b206","13963492","1641627593","2022-01-08 07:39:53","0xab020f50404dcf45cdb2ff0fe90d3e67205b7a35","0x061202af4c55a68d3db3c86ec634783ac990be5d","","0","0.062507968988583743","82.1173439399924","0.001681589895258","2.20912146129939","3080.81","","","Transfer",""
"0xa1cea9e414bc9b1b045c7bb309031644dc86aa57ff24c51665c5acb122d91430","13963495","1641627678","2022-01-08 07:41:18","0xab020f50404dcf45cdb2ff0fe90d3e67205b7a35","0xd973be25fd61766013e2f193c7cff60fafccf758","","0","0.002174764038101866","2.8570092644948","0.001722315588819","2.26262321218741","3080.81","","","Transfer",""
"0x99f4060579942d2cda6235d79aa0002e3df8512f046486933e9585785316b3c9","13964195","1641637103","2022-01-08 10:18:23","0x0b7a434782792b539623fd72a428838ea4173b22","0xab020f50404dcf45cdb2ff0fe90d3e67205b7a35","","0.019","0","24.96049","0.002316905828958","3.04374235656041","3080.81","","","Transfer",""
"0xea99c6d835e986874a40e90e55d861e03180f938584fdfaece901d4dd5d57360","13966527","1641668230","2022-01-08 18:57:10","0xab020f50404dcf45cdb2ff0fe90d3e67205b7a35","0x3c99f2a4b366d46bcf2277639a135a6d1288eceb","","0","0","0","0.00469657905418416","6.16994286927227","3080.81","","","Pause",""
"0x57d3d666f4312b1d464d91397897fc24eec91136a2670096cd597927d03aae86","13968435","1641693078","2022-01-09 01:51:18","0xab020f50404dcf45cdb2ff0fe90d3e67205b7a35","0xc8c524ef794643749c52f73e537f908da7704ac4","","0","0.1","131.371","0.00199814587644","2.62498421933799","3150.83","","","Transfer",""
"0xb0fc2cdf9bc67f052ea3ce34d3aeb098e19d08e3562e1df52b2b0b7eeb637a9d","13968451","1641693255","2022-01-09 01:54:15","0xab020f50404dcf45cdb2ff0fe90d3e67205b7a35","0xf7c0dfb7ae91009cb39bed41bec8f25c48bdf365","","0","0.00966320509186487","12.6946491612338","0.00169519178304","2.22699039729748","3150.83","","","Transfer",""
"0x123b181af7ba85d62165837f113a145ff6a679822e127f0f7740c7cff5372d2b","13968478","1641693585","2022-01-09 01:59:45","0xab020f50404dcf45cdb2ff0fe90d3e67205b7a35","0x535d1cb20b213344740664e575b0b28727e88b96","","0","0.03","39.4113","0.001706768978544","2.24219947480304","3150.83","","","Transfer",""
"0x94069a9f236332db72ac201c089ccab64e95450121023b8096450a4b4f6f35db","13968772","1641697206","2022-01-09 03:00:06","0xab020f50404dcf45cdb2ff0fe90d3e67205b7a35","0x3c99f2a4b366d46bcf2277639a135a6d1288eceb","","0","0","0","0.134562767057571176","176.776452711202","3150.83","","","Whitelist Users",""
"0x4fe3faa2c77a8eddba5bad509b074705038534522ae3ba65ccd625c6d3ddc278","13970956","1641726002","2022-01-09 11:00:02","0xab020f50404dcf45cdb2ff0fe90d3e67205b7a35","0x3c99f2a4b366d46bcf2277639a135a6d1288eceb","","0","0","0","0.130627019391877644","171.606021645304","3150.83","","","Whitelist Users",""
"0xca99f983d893c7fd21127f03a70731d4b61cc3703ad4c1bfeea5ae95eb42a68c","13971050","1641727286","2022-01-09 11:21:26","0xab020f50404dcf45cdb2ff0fe90d3e67205b7a35","0x3c99f2a4b366d46bcf2277639a135a6d1288eceb","","0","0.12","157.6452","0.056374690932960534","74.0599952255396","3150.83","","","Mint",""
"0xc9442f92bc8099ea16a87e589dbf83c60c4c9fea4c1aaae9076ee7f0faed63a0","13971120","1641728103","2022-01-09 11:35:03","0x126404fbd91d0752be1105275b2ec9d22fe989bd","0xab020f50404dcf45cdb2ff0fe90d3e67205b7a35","","0.176","0","231.21296","0.002763670984998","3.63066220970172","3150.83","","","Transfer",""
"0x988d81501fede803967d8d68db7193ca3f537b54eaaa1c0f1347ab75037a4b3b","13971137","1641728395","2022-01-09 11:39:55","0xab020f50404dcf45cdb2ff0fe90d3e67205b7a35","0x3c99f2a4b366d46bcf2277639a135a6d1288eceb","","0","0","0","0.009979004419390197","13.1095178957971","3150.83","","","Transfer From",""
"0x1c9fc34b2118c8ed6c05cdd20bb79121309b1767583c55c90696e57206bae94d","13971146","1641728506","2022-01-09 11:41:46","0xab020f50404dcf45cdb2ff0fe90d3e67205b7a35","0x3c99f2a4b366d46bcf2277639a135a6d1288eceb","","0","0","0","0.009437567749683118","12.3982271284362","3150.83","","","Transfer From",""
"0xa499de744d1f548ea5d4b09b7d8ea9197633ac4cc33dfd518ce5ac917c2d1f11","13971152","1641728555","2022-01-09 11:42:35","0xab020f50404dcf45cdb2ff0fe90d3e67205b7a35","0x3c99f2a4b366d46bcf2277639a135a6d1288eceb","","0","0","0","0.006888445808631912","9.04942014325783","3150.83","","","Transfer From",""
"0x07eeffb83887d10f8ba35d0bbe03d771e04ce1958f5c7d89ed2ebee586a902f3","13971214","1641729147","2022-01-09 11:52:27","0xab020f50404dcf45cdb2ff0fe90d3e67205b7a35","0x3c99f2a4b366d46bcf2277639a135a6d1288eceb","","0","0.12","157.6452","0.035361086549942724","46.4542130115253","3150.83","","","Mint",""
"0xbbfb106a910830aae141cb278e24eaeed12c921088bc5820a3ac84e6e83c8ed9","13971227","1641729272","2022-01-09 11:54:32","0xd608d6dc6d989a7927cf184f68407090d4034a4a","0xab020f50404dcf45cdb2ff0fe90d3e67205b7a35","","0.155","0","203.62505","0.001750824700968","2.30007591790867","3150.83","","","Transfer",""
"0x984b728682425d79657b465e78e091449e08ee500b1f1e2ce834adf7efb199d1","13971234","1641729402","2022-01-09 11:56:42","0xab020f50404dcf45cdb2ff0fe90d3e67205b7a35","0x3c99f2a4b366d46bcf2277639a135a6d1288eceb","","0","0","0","0.009219289402022239","12.1114726803306","3150.83","","","Transfer From",""
"0x62ac73253e590d025b1644c9e8fcdc5ea9dd52a8a51869d05e131db04ee9de26","13971237","1641729456","2022-01-09 11:57:36","0xab020f50404dcf45cdb2ff0fe90d3e67205b7a35","0x3c99f2a4b366d46bcf2277639a135a6d1288eceb","","0","0","0","0.009311708093487359","12.2328840394953","3150.83","","","Transfer From",""
"0xe075ca2fe37ed5feadf2dc0a36e53bd376a40401bfd0da0d4de5c94b782ffd88","13971240","1641729495","2022-01-09 11:58:15","0xab020f50404dcf45cdb2ff0fe90d3e67205b7a35","0x3c99f2a4b366d46bcf2277639a135a6d1288eceb","","0","0","0","0.00922508651631322","12.1190884073458","3150.83","","","Transfer From",""
"0x949bce3b24858531ab1ffce52790928fca9a10ee60c68619193be73271817436","13971267","1641729938","2022-01-09 12:05:38","0xab020f50404dcf45cdb2ff0fe90d3e67205b7a35","0x3c99f2a4b366d46bcf2277639a135a6d1288eceb","","0","0.04","52.5484","0.017050042901226114","22.3988118597698","3150.83","","","Mint",""
"0x33306c5ca42263b4b5e883b4d777fe9bf9cd1fdf7f6c229807c12f65cdc30ade","13971313","1641730502","2022-01-09 12:15:02","0xab020f50404dcf45cdb2ff0fe90d3e67205b7a35","0x3c99f2a4b366d46bcf2277639a135a6d1288eceb","","0","0.12","157.6452","0.037771939228223505","49.6213742835095","3150.83","","","Mint",""
"0x1290cc2f5e52dcd2d8f3180a59f51f1cb3ec79ee59d7748e48292eea2da5281d","13971322","1641730653","2022-01-09 12:17:33","0x06ef623e6c10e397a0f2dffa8c982125328e398c","0xab020f50404dcf45cdb2ff0fe90d3e67205b7a35","","0.157","0","206.25247","0.002075033303385","2.72599200098991","3150.83","","","Transfer",""
"0xb1929ec18abcbd0d67254aea84402002af6b6be744264e84736bdf1d1c385fc2","13971335","1641730886","2022-01-09 12:21:26","0x2faa8dcbade3397cc522783b692913ab1396c121","0xab020f50404dcf45cdb2ff0fe90d3e67205b7a35","","0.057","0","74.88147","0.002443097138454","3.2095211417584","3150.83","","","Transfer",""
"0x6c10d29ea6696099f08ef200217f08a43ef958966b3340ea9cbdeaa43a645c79","13971344","1641730977","2022-01-09 12:22:57","0xab020f50404dcf45cdb2ff0fe90d3e67205b7a35","0xa5409ec958c83c3f309868babaca7c86dcb077c1","","0","0","0","0.04201096143490065","55.1902201466433","3150.83","","","Register Proxy",""
"0x1681abad8393a7110b22792a054dd5944e21a60291b7d109eeb5fce3ef9c575b","13971349","1641731055","2022-01-09 12:24:15","0xab020f50404dcf45cdb2ff0fe90d3e67205b7a35","0x3c99f2a4b366d46bcf2277639a135a6d1288eceb","","0","0","0","0.010314860461089595","13.550735336338","3150.83","","","Transfer From",""
"0x9fabf028baea34910d94a3621bc4999a0dad874a6cad4b1fb64de05dace76e88","13971354","1641731145","2022-01-09 12:25:45","0xab020f50404dcf45cdb2ff0fe90d3e67205b7a35","0x3c99f2a4b366d46bcf2277639a135a6d1288eceb","","0","0","0","0.00578671136991549","7.60206059377168","3150.83","","","Set Approval For All",""
"0xa62a0782c7810444a3cc17fd7551e03e3ccd2f037eb9f6a5f93034aa71c103fc","13971358","1641731227","2022-01-09 12:27:07","0xab020f50404dcf45cdb2ff0fe90d3e67205b7a35","0x3c99f2a4b366d46bcf2277639a135a6d1288eceb","","0","0","0","0.011502492527659735","15.1109394585119","3150.83","","","Transfer From",""
"0xc1c1bd4e1d129f4f117060119503dbfb2cada98831b152f851583e60064f2c08","13971358","1641731227","2022-01-09 12:27:07","0xab020f50404dcf45cdb2ff0fe90d3e67205b7a35","0x3c99f2a4b366d46bcf2277639a135a6d1288eceb","","0","0","0","0.009868596879264235","12.9644744062582","3150.83","","","Transfer From",""
"0x0ccd8cfa4bc248b87a3f4986e94dddf81cf8dd1fd438a2027c20367b393911c9","13971358","1641731227","2022-01-09 12:27:07","0xab020f50404dcf45cdb2ff0fe90d3e67205b7a35","0x3c99f2a4b366d46bcf2277639a135a6d1288eceb","","0","0","0","0.009868596879264235","12.9644744062582","3150.83","","","Transfer From",""
"0x65795b43f057543374685c3850487a120bbd29aff0b6c80c0dd7585c7c504923","13971474","1641733045","2022-01-09 12:57:25","0xab020f50404dcf45cdb2ff0fe90d3e67205b7a35","0x3c99f2a4b366d46bcf2277639a135a6d1288eceb","","0","0.04","52.5484","0.015078352130429886","19.808581977267","3150.83","","","Mint",""
"0xee3c2d47def5ac145ac75b7d0e2203a762193a12447860951200ed83dc0b0513","13971490","1641733294","2022-01-09 13:01:34","0x9d0db5cf9a973e2932781fb4fd0970d160c5b926","0xab020f50404dcf45cdb2ff0fe90d3e67205b7a35","","0.06","0","78.8226","0.001827583231614","2.40091436720363","3150.83","","","Transfer",""
"0x6f23f91b06db70273f8c437fcb901de90ea68af474b80de43f55564940a9ecf3","13971535","1641733847","2022-01-09 13:10:47","0xab020f50404dcf45cdb2ff0fe90d3e67205b7a35","0xe44d118c70465a2504da357c0accce2aeee7299d","","0","0.026035388843353744","34.2029506774022","0.001862630268555","2.44695601010339","3150.83","","","Transfer",""
"0xadddf7389b5ed3f8a872b5789177b0a0da51ce7f3f77524ee86a02838faa221f","13972781","1641750253","2022-01-09 17:44:13","0xab020f50404dcf45cdb2ff0fe90d3e67205b7a35","0x3c99f2a4b366d46bcf2277639a135a6d1288eceb","","0","0","0","0.01540085911760717","20.2322626313917","3150.83","","","Transfer From",""
"0x7310bacb1d285ea8dcd06bae49cd2d8a1ff36313dab3266441d4c912e64de45b","13973063","1641754116","2022-01-09 18:48:36","0xab020f50404dcf45cdb2ff0fe90d3e67205b7a35","0x3c99f2a4b366d46bcf2277639a135a6d1288eceb","","0","0","0","0.00540126757453745","7.09569922534559","3150.83","","","Pause",""
"0x63838a6c24f8d48db3e2ff61fd2b11638b8b1e3512e3b3faa72497e3704c1917","13973068","1641754225","2022-01-09 18:50:25","0xab020f50404dcf45cdb2ff0fe90d3e67205b7a35","0x3c99f2a4b366d46bcf2277639a135a6d1288eceb","","0","0","0","0.00706788824332507","9.28515546413858","3150.83","","","Set Nft Per Address Limit",""
"0xd0c76abf7271ffd04d5bd8f32e47085100ee5ff2fbf77b41f8c8cdc22f6a518f","13973070","1641754282","2022-01-09 18:51:22","0xab020f50404dcf45cdb2ff0fe90d3e67205b7a35","0x3c99f2a4b366d46bcf2277639a135a6d1288eceb","","0","0","0","0.00660225826221644","8.67345270165636","3150.83","","","Setmax Mint Amount",""
"0x6cd663791960d5c1bedb141788d702432317f0db5c309dda0c7f2f1f3831f7ab","13973071","1641754295","2022-01-09 18:51:35","0xab020f50404dcf45cdb2ff0fe90d3e67205b7a35","0x3c99f2a4b366d46bcf2277639a135a6d1288eceb","","0","0","0","0.00773178126383685","10.1573183641151","3150.83","","","Set Only Whitelisted",""
"0x3d98f250f82e737d4c1c69f303f8873d238ee76c5c792d70c4e1c652804beae4","13973095","1641754767","2022-01-09 18:59:27","0xab020f50404dcf45cdb2ff0fe90d3e67205b7a35","0x3c99f2a4b366d46bcf2277639a135a6d1288eceb","","0","0","0","0.00686474218328469","9.01828045360293","3150.83","","","Pause",""
"0x606878c2994dceb32aff52c8156ee4b047e3be2eba9a1142154f5e58bf914e48","13973457","1641759409","2022-01-09 20:16:49","0x4ef8e0c72a504d17399f6d1528737e34c1a326db","0xab020f50404dcf45cdb2ff0fe90d3e67205b7a35","","3.192671","0","4194.24381941","0.003801","4.99341171","3150.83","","","Transfer",""
"0xe2cdf3e98c2fe435fd639be5671df31dee5c578a75e98871bf196614563b48ee","13973463","1641759486","2022-01-09 20:18:06","0xab020f50404dcf45cdb2ff0fe90d3e67205b7a35","0x7be8076f4ea4a4ad08075c2508e481d6c946d12b","","0","0.074","97.21454","0.01067064104914588","14.0181278526734","3150.83","Error(0)","Reverted","Atomic Match_",""
"0xbf60d6908abf6579f9654ef8ed9a5e476d9582782b5e83a3768ed00c9994f90e","13973472","1641759631","2022-01-09 20:20:31","0xab020f50404dcf45cdb2ff0fe90d3e67205b7a35","0x7be8076f4ea4a4ad08075c2508e481d6c946d12b","","0","0.0769","101.024299","0.03325470770014515","43.6870420527577","3150.83","","","Atomic Match_",""
"0x1849d221a5483e014bc628b1c371d9d29558782ce63b330c59a9e6488c9b170a","13973628","1641761817","2022-01-09 20:56:57","0xab020f50404dcf45cdb2ff0fe90d3e67205b7a35","0xa34da9b06307ba431021447a234e77d706110073","","0","0.135041733417374205","177.405675607739","0.004952063245794","6.50557500663204","3150.83","","","Transfer",""
"0x05f71420fde14ec4e94f992801cd4d3f78284b031370f505bdc30d7881b74e1a","13973720","1641763069","2022-01-09 21:17:49","0xab020f50404dcf45cdb2ff0fe90d3e67205b7a35","0x7be8076f4ea4a4ad08075c2508e481d6c946d12b","","0","0.06","78.8226","0.02402172559068908","31.5575811257442","3150.83","","","Atomic Match_",""
"0xd7dbde19d9d65ffd377a9d23bd1c0add9bd1fc884aa47ac77f39513410d35731","13973742","1641763407","2022-01-09 21:23:27","0xab020f50404dcf45cdb2ff0fe90d3e67205b7a35","0x3c99f2a4b366d46bcf2277639a135a6d1288eceb","","0","0","0","0.016349012410372605","21.4778610936306","3150.83","","","Transfer From",""
"0xf5bbc95383d030fe1746b949e034b26153b0a21d3822b5e6984c1ed553ac27a7","13973769","1641763862","2022-01-09 21:31:02","0xab020f50404dcf45cdb2ff0fe90d3e67205b7a35","0x7be8076f4ea4a4ad08075c2508e481d6c946d12b","","0","0.075","98.52825","0.043170936301671424","56.7140907288688","3150.83","","","Atomic Match_",""
"0x121bf84c6a931ca58b3078886c539b8bf0be4120bf7452cd7f4fb1d3b0ce98af","13973882","1641765370","2022-01-09 21:56:10","0xab020f50404dcf45cdb2ff0fe90d3e67205b7a35","0x7be8076f4ea4a4ad08075c2508e481d6c946d12b","","0","0.07","91.9597","0.062957370808114688","82.7077276043283","3150.83","","","Atomic Match_",""
"0x4e85b498908ed8d6233112a7a72c7d488cc99bd42b380ded07fd222c0b58dae5","13974090","1641768215","2022-01-09 22:43:35","0xab020f50404dcf45cdb2ff0fe90d3e67205b7a35","0x3c99f2a4b366d46bcf2277639a135a6d1288eceb","","0","0","0","0.006841051892582499","8.98715828180456","3150.83","","","Reveal",""
"0x467b211a153f59182dbe8fee27346ec2dee03046c83f90d7be30c4607cddc6be","13974094","1641768342","2022-01-09 22:45:42","0xab020f50404dcf45cdb2ff0fe90d3e67205b7a35","0x3c99f2a4b366d46bcf2277639a135a6d1288eceb","","0","1","1313.71","0.00547754966813314","7.19591177452319","3150.83","","","Withdraw",""
"0x4465d62bb420962e3e8a1634d704e756cb41ff5be369c26bf5323d122525cd82","13974098","1641768393","2022-01-09 22:46:33","0xab020f50404dcf45cdb2ff0fe90d3e67205b7a35","0x99b9c2b49ff03dd1f4d6e537c4d94d73a75e7c4f","","0","358","470308.18","0.004254698501193","5.58943996800226","3150.83","","","Transfer",""
"0x3f7488347daeb7cef8b7827f2d39d534531017bb43008f2897c734dd389c40e5","14014787","1642313288","2022-01-16 06:08:08","0xab020f50404dcf45cdb2ff0fe90d3e67205b7a35","0x722122df12d4e14e13ac3b6895a86e84145b6967","","0","1","1313.71","0.10582939794674692","139.029138376621","3349.61","","","Deposit",""
"0x581bac86f97b8b2c138958282cd4df1456ecaad0629ead94942d7ece87e454d4","14023165","1642424277","2022-01-17 12:57:57","0x0b7a434782792b539623fd72a428838ea4173b22","0xab020f50404dcf45cdb2ff0fe90d3e67205b7a35","","2.682497683504","0","3524.02403179604","0.002045989765722","2.68783721512665","3210.90","","","Transfer",""
"0x13c3b3ca316728bd52e5da091e579c61482a5de9bce189bf06d87711c671201f","14050187","1642785233","2022-01-21 17:13:53","0x0b7a434782792b539623fd72a428838ea4173b22","0xab020f50404dcf45cdb2ff0fe90d3e67205b7a35","","0.052292","0","68.69652332","0.003952337402706","5.1922251693089","2569.59","","","Transfer",""
"0xe3bc64dae761d807bbbacfd0f02a80dfe79236ed8504cd62ffb8d80054399f6b","14178731","1644501346","2022-02-10 13:55:46","0x0b7a434782792b539623fd72a428838ea4173b22","0xab020f50404dcf45cdb2ff0fe90d3e67205b7a35","","0.01892","0","24.8553932","0.001828981222593","2.40275092193265","3074.84","","","Transfer",""
"0x3dd360e58f456b0783d61cfe61a29847c0b07a37749c1e85c50af9295763bfaa","15271082","1659551596","2022-08-03 18:33:16","0x0b7a434782792b539623fd72a428838ea4173b22","0xab020f50404dcf45cdb2ff0fe90d3e67205b7a35","","0.01603799998396","0","21.0692809589281","0.00070645020789","0.928070702607172","1618.68","","","Transfer",""
