"Txhash","Blockno","UnixTimestamp","DateTime","ParentTxFrom","ParentTxTo","ParentTxETH_Value","From","TxTo","ContractAddress","Value_IN(ETH)","Value_OUT(ETH)","CurrentValue @ $1309.73/Eth","Historical $Price/Eth","Status","ErrCode","Type"
"0xf347ad530b2c5617bf0df6ae8a96c0de196203fe0bc783ecf205b78c79d2b237","14683286","1651290612","2022-04-30 03:50:12","0xb0fff93ff08e7118078fefad47ebf91d3f1eb8d5","0x7f268357a8c2552623316e2562d90e642bb538e5","1.1","0x7f268357a8c2552623316e2562d90e642bb538e5","0x12be0666d73e60351289859c2ffcf9a3f9796c2d","","0.99924","0","1308.7346052","2727.87","0","","call",""
"0xb19c3588bda1702d8c8563648f633c30c39d299fff8215f0cf3c06f69561d92c","14686492","1651333849","2022-04-30 15:50:49","0x1d5f214055ba8b5cdc840e9bde5eca3e48a67847","0x7f268357a8c2552623316e2562d90e642bb538e5","1","0x7f268357a8c2552623316e2562d90e642bb538e5","0x12be0666d73e60351289859c2ffcf9a3f9796c2d","","0.9084","0","1189.758732","2727.87","0","","call",""
"0xd0cddc87935834f7af078c89ba0d8363609d0ddcbc0dfd092745d8780aad5e1d","14703367","1651563623","2022-05-03 07:40:23","0x8a7494079050d49a31141ea726cf194d7817efc0","0x7f268357a8c2552623316e2562d90e642bb538e5","0.1","0x7f268357a8c2552623316e2562d90e642bb538e5","0x12be0666d73e60351289859c2ffcf9a3f9796c2d","","0.0925","0","121.150025","2780.63","0","","call",""
"0x5df109f2cdb6f91276164ff6a26bdb7415a4d55f99870d8b66919c52e3e34c53","14703600","1651566580","2022-05-03 08:29:40","0x12be0666d73e60351289859c2ffcf9a3f9796c2d","0xc02aaa39b223fe8d0a0e5c4f27ead9083c756cc2","0","0xc02aaa39b223fe8d0a0e5c4f27ead9083c756cc2","0x12be0666d73e60351289859c2ffcf9a3f9796c2d","","0.073088875","0","95.72669225375","2780.63","0","","call",""
"0xab7af72f1acd25546a4f663bbc3c67c927b1bfe95e0f60a2df9f637166b266b7","14707278","1651616626","2022-05-03 22:23:46","0xc2c541306f2b748d7b00dfed91cec42eb0cadc25","0x7f268357a8c2552623316e2562d90e642bb538e5","0.1","0x7f268357a8c2552623316e2562d90e642bb538e5","0x12be0666d73e60351289859c2ffcf9a3f9796c2d","","0.0925","0","121.150025","2780.63","0","","call",""
"0xcef30a109066786424f6eb74cf482cd2167980564197ab30d8cc80a6b8b7ad9c","14715747","1651732886","2022-05-05 06:41:26","0xc3c26f89516a6b798f36091be06d24634f17aab7","0x7f268357a8c2552623316e2562d90e642bb538e5","0.35","0x7f268357a8c2552623316e2562d90e642bb538e5","0x12be0666d73e60351289859c2ffcf9a3f9796c2d","","0.32375","0","424.0250875","2747.28","0","","call",""
"0x3608dbda412852b2c3755f6bd5529000f2e8ea69358d50aaa278b65da0e9f7a2","14721229","1651808375","2022-05-06 03:39:35","0x5ac2d1ce1d342e62220457a341304d3f803cb502","0x7f268357a8c2552623316e2562d90e642bb538e5","0.35","0x7f268357a8c2552623316e2562d90e642bb538e5","0x12be0666d73e60351289859c2ffcf9a3f9796c2d","","0.32375","0","424.0250875","2692.08","0","","call",""
"0xd801a4f39fe6b3f31a214709fb7774b9c71c22dc2107e53c73522c8e56ab28d5","14740592","1652074085","2022-05-09 05:28:05","0x12be0666d73e60351289859c2ffcf9a3f9796c2d","0x68b3465833fb72a70ecdf485e0e4c7bd8665fc45","0","0x68b3465833fb72a70ecdf485e0e4c7bd8665fc45","0x12be0666d73e60351289859c2ffcf9a3f9796c2d","","5.054514035997153499","0","6620.04866836655","2230.95","0","","call",""
"0x76791798f675e0d04c9c6d70f9c29ba6d011a2d0ac9b31e5359f65377b9673e3","14877263","1653979275","2022-05-31 06:41:15","0xa36ef951b36ec79a87d071162eba5124fddbe0c2","0x7f268357a8c2552623316e2562d90e642bb538e5","0.2","0x7f268357a8c2552623316e2562d90e642bb538e5","0x12be0666d73e60351289859c2ffcf9a3f9796c2d","","0.185","0","242.30005","1940.59","0","","call",""
"0x11c41496f2b8854c608e28776d405f3d08357ba5f8d30c6d4957d2b28f051703","14877296","1653979741","2022-05-31 06:49:01","0x75d8f32b7d77ce770c666951679f29147c7326cc","0x7f268357a8c2552623316e2562d90e642bb538e5","0.2","0x7f268357a8c2552623316e2562d90e642bb538e5","0x12be0666d73e60351289859c2ffcf9a3f9796c2d","","0.185","0","242.30005","1940.59","0","","call",""
"0xa23c99c80b15192215df5d1c050a778e6589c57062da299c9681a51081c0013a","14878303","1653994593","2022-05-31 10:56:33","0xe3bfe976072cbd7c6b591b0c04375b4aa158551e","0x7f268357a8c2552623316e2562d90e642bb538e5","0.4","0x7f268357a8c2552623316e2562d90e642bb538e5","0x12be0666d73e60351289859c2ffcf9a3f9796c2d","","0.37","0","484.6001","1940.59","0","","call",""
"0xb8199f80e72e4b7ca1d187fa4941daa396b1ebc7fb6e70891c5567c13f75a926","14879402","1654010111","2022-05-31 15:15:11","0x7929c982fd236059bb9621ccbbaaf43eb9725615","0x7f268357a8c2552623316e2562d90e642bb538e5","0.4","0x7f268357a8c2552623316e2562d90e642bb538e5","0x12be0666d73e60351289859c2ffcf9a3f9796c2d","","0.37","0","484.6001","1940.59","0","","call",""
"0x176449e65eff23579eef6afa749e2eb914b5fe5078ce41e365152c8ca4255fda","14891908","1654185622","2022-06-02 16:00:22","0x608180db7249fb9bbd7e23f53e029de6c29c8ee2","0x7f268357a8c2552623316e2562d90e642bb538e5","0.3","0x7f268357a8c2552623316e2562d90e642bb538e5","0x12be0666d73e60351289859c2ffcf9a3f9796c2d","","0.2775","0","363.450075","1833.26","0","","call",""
"0x5d7ca10c77df6f78e431c4075ceb966d9333dae345729dd58b3d628c67a8b660","15212641","1658764734","2022-07-25 15:58:54","0x12be0666d73e60351289859c2ffcf9a3f9796c2d","0x881d40237659c251811cec9c364ef91dc08d300c","0","0x74de5d4fcbf63e00296fd95d33236b9794016631","0x12be0666d73e60351289859c2ffcf9a3f9796c2d","","7.136635665183740453","0","9347.0658297611","1438.01","0","","call",""
"0x38f4fc952cf15d318b929c6bd4431e7c44558dd8403662b677a2a5f161c539af","15328922","1660333351","2022-08-12 19:42:31","0x12be0666d73e60351289859c2ffcf9a3f9796c2d","0xc02aaa39b223fe8d0a0e5c4f27ead9083c756cc2","0","0xc02aaa39b223fe8d0a0e5c4f27ead9083c756cc2","0x12be0666d73e60351289859c2ffcf9a3f9796c2d","","5.5084","0","7214.516732","1959.26","0","","call",""
"0x5e1fb0456ad1157e7ea0aca7b0392f75fdae7b5360d84af80dbed37242f70ca1","15358722","1660739326","2022-08-17 12:28:46","0x12be0666d73e60351289859c2ffcf9a3f9796c2d","0x881d40237659c251811cec9c364ef91dc08d300c","0","0x74de5d4fcbf63e00296fd95d33236b9794016631","0x12be0666d73e60351289859c2ffcf9a3f9796c2d","","5.327893642855565312","0","6978.10214085722","1834.04","0","","call",""
"0x6fa9d21f1e9b79aa47aab8da3147e0b6907ebed5d3b37b39831f08ceb099c16a","15398095","1661277342","2022-08-23 17:55:42","0x691b8793771eb9aa60d82dd1ff515f6d024fc93f","0x00000000006c3852cbef3e08e8df289169ede581","69","0x00000000006c3852cbef3e08e8df289169ede581","0x12be0666d73e60351289859c2ffcf9a3f9796c2d","","67.275","0","88112.08575","1664.76","0","","call",""
"0xd2e78892ce3262a4d84623d94b3f8e72c7e396562b25867b93f3e106720663db","15429389","1661711195","2022-08-28 18:26:35","0x2fe2cea1dc2ad8eb8a3913c91c33c338aafdfb40","0x00000000006c3852cbef3e08e8df289169ede581","14.35","0x00000000006c3852cbef3e08e8df289169ede581","0x12be0666d73e60351289859c2ffcf9a3f9796c2d","","13.6325","0","17854.894225","1426.40","0","","call",""
"0x61731edbdc499309cd28a86185301b083e0cb1f9bcaa9d592a54001b35b1a888","15429401","1661711352","2022-08-28 18:29:12","0x12be0666d73e60351289859c2ffcf9a3f9796c2d","0xc02aaa39b223fe8d0a0e5c4f27ead9083c756cc2","0","0xc02aaa39b223fe8d0a0e5c4f27ead9083c756cc2","0x12be0666d73e60351289859c2ffcf9a3f9796c2d","","76.9","0","100718.237","1426.40","0","","call",""
"0xb33406d48714983a333162b9a242b8ba2fc02481cc381a0f1af9b554986828ce","15438055","1661830635","2022-08-30 03:37:15","0x12be0666d73e60351289859c2ffcf9a3f9796c2d","0x7bd29408f11d2bfc23c34f18275bbf23bb716bc7","0","0x7bd29408f11d2bfc23c34f18275bbf23bb716bc7","0x12be0666d73e60351289859c2ffcf9a3f9796c2d","","90","0","117875.7","1524.62","0","","call",""
"0x12c3583191feafef97e8063fa7937cab0ccdf03862ec68893ee31f9c4e16eba2","15440668","1661866842","2022-08-30 13:40:42","0x12be0666d73e60351289859c2ffcf9a3f9796c2d","0xc02aaa39b223fe8d0a0e5c4f27ead9083c756cc2","0","0xc02aaa39b223fe8d0a0e5c4f27ead9083c756cc2","0x12be0666d73e60351289859c2ffcf9a3f9796c2d","","90","0","117875.7","1524.62","0","","call",""
"0x2b35ecce48c3fe33f293eab485543b00128982e83967433421763aa8edd48ca5","15444617","1661921513","2022-08-31 04:51:53","0x12be0666d73e60351289859c2ffcf9a3f9796c2d","0x7bd29408f11d2bfc23c34f18275bbf23bb716bc7","0","0x7bd29408f11d2bfc23c34f18275bbf23bb716bc7","0x12be0666d73e60351289859c2ffcf9a3f9796c2d","","90","0","117875.7","1554.16","0","","call",""
"0x02494572df03e0d8b3653afe42a0cf0b23aa6ab960f4cb629a066553ad00e59b","15447040","1661954896","2022-08-31 14:08:16","0x12be0666d73e60351289859c2ffcf9a3f9796c2d","0xc02aaa39b223fe8d0a0e5c4f27ead9083c756cc2","0","0xc02aaa39b223fe8d0a0e5c4f27ead9083c756cc2","0x12be0666d73e60351289859c2ffcf9a3f9796c2d","","90.000112293995003904","0","117875.847074814","1554.16","0","","call",""
"0x6a0625ae302b57f09402137e6bb404b121f5dd246ca5e19d28f5679b54a6fd80","15493532","1662598179","2022-09-08 00:49:39","0x206e8412d430096d58e016f76f0c1d00b6506c61","0x00000000006c3852cbef3e08e8df289169ede581","18","0x00000000006c3852cbef3e08e8df289169ede581","0x12be0666d73e60351289859c2ffcf9a3f9796c2d","","17.1","0","22396.383","1635.60","0","","call",""
"0xaf6c21d6da0f32abcc71d6c520d8b9dbdf3459e9728d5565c3c15396d9e4cd7f","15516706","1662926493","2022-09-11 20:01:33","0x12be0666d73e60351289859c2ffcf9a3f9796c2d","0xc02aaa39b223fe8d0a0e5c4f27ead9083c756cc2","0","0xc02aaa39b223fe8d0a0e5c4f27ead9083c756cc2","0x12be0666d73e60351289859c2ffcf9a3f9796c2d","","85","0","111327.05","1767.02","0","","call",""
"0x448808e3e00a31711c616c8612137986116fc05c00a3db0645849ee6cee52847","15522540","1663009335","2022-09-12 19:02:15","0x12be0666d73e60351289859c2ffcf9a3f9796c2d","0x7bd29408f11d2bfc23c34f18275bbf23bb716bc7","0","0x7bd29408f11d2bfc23c34f18275bbf23bb716bc7","0x12be0666d73e60351289859c2ffcf9a3f9796c2d","","85","0","111327.05","1716.53","0","","call",""
"0xd139f0cac4b6a4bd010b4160542209862c74dff8288438204d31635d9e127dec","15544777","1663314227","2022-09-16 07:43:47","0xa5c160ab4e8eabaff4687b22530994b0f0f9bfed","0x00000000006c3852cbef3e08e8df289169ede581","5","0x00000000006c3852cbef3e08e8df289169ede581","0x12be0666d73e60351289859c2ffcf9a3f9796c2d","","4.625","0","6057.50125","1433.97","0","","call",""
"0xff981adb624055922c1f0521f7ad65d895e2c07519f9e2c91927fccfd8bcbe8f","15565244","1663562435","2022-09-19 04:40:35","0x08c340f86f96b63e5c8d8b28a9e1eee750d3cf7b","0x00000000006c3852cbef3e08e8df289169ede581","4","0x00000000006c3852cbef3e08e8df289169ede581","0x12be0666d73e60351289859c2ffcf9a3f9796c2d","","3.7","0","4846.001","1376.21","0","","call",""
"0x469f9cae45253d6cf036dbd547d1d22e18d9f23d3c1c761a31c932e94edd1912","15691237","1665085583","2022-10-06 19:46:23","0x12be0666d73e60351289859c2ffcf9a3f9796c2d","0xc02aaa39b223fe8d0a0e5c4f27ead9083c756cc2","0","0xc02aaa39b223fe8d0a0e5c4f27ead9083c756cc2","0x12be0666d73e60351289859c2ffcf9a3f9796c2d","","20","0","26194.6","1352.40","0","","call",""
