"Txhash","Blockno","UnixTimestamp","DateTime","From","To","ContractAddress","Value_IN(ETH)","Value_OUT(ETH)","CurrentValue @ $1312.99/Eth","TxnFee(ETH)","TxnFee(USD)","Historical $Price/Eth","Status","ErrCode","Method"
"0xb53bc021048fc749b201e0cdcab7499e3ddd40a00b5634f2346dd780c6553efa","13997398","1642080185","2022-01-13 13:23:05","0xac000d8081428f2caded1826b463d2ddc848c1e8","0x12be0666d73e60351289859c2ffcf9a3f9796c2d","","0.1","0","131.299","0.002562775736325","3.36489891403736","3242.26","","","Transfer",""
"0xbfb498551eb2d5ba0c8dd6ff55b87d6a80adb0138975f1e103772ea932e023b8","13997444","1642080890","2022-01-13 13:34:50","0x8961e8a576b3da1b690453838a9ca1e8f467f23f","0x12be0666d73e60351289859c2ffcf9a3f9796c2d","","0.076213746237142861","0","100.067886671906","0.004251323360571","5.58194505919612","3242.26","","","Transfer",""
"0x5a2ddfbe40c0b78c5779f926792b669bdfa9accd2cc841f308c02b416b09a125","13997454","1642081117","2022-01-13 13:38:37","0x12be0666d73e60351289859c2ffcf9a3f9796c2d","0xad77a557de6f429f5604737b365286b3de67a3d6","","0","0.05","65.6495","0.004333876936284","5.69033707857153","3242.26","","","Transfer",""
"0x58d12d23b873afa2627f3d5b43dc78ce29a1e7e7a69232255eed640c265297db","13997478","1642081351","2022-01-13 13:42:31","0xac000d8081428f2caded1826b463d2ddc848c1e8","0x12be0666d73e60351289859c2ffcf9a3f9796c2d","","4.5","0","5908.455","0.003567835800291","4.68453272742408","3242.26","","","Transfer",""
"0x3fbf4e8f52fe36d30cab0b8abec20f79f86cce455f0a649ec52b9f8ef673c903","13997835","1642085538","2022-01-13 14:52:18","0x12be0666d73e60351289859c2ffcf9a3f9796c2d","0x7bd29408f11d2bfc23c34f18275bbf23bb716bc7","","0","4.5","5908.455","0.00767584","10.0783011616","3242.26","","","Deposit",""
"0xd6f1ef75359bde70168ef5030e52bac22df4e55c4c60c1d7c448822a9437d1a9","14001198","1642130850","2022-01-14 03:27:30","0x12be0666d73e60351289859c2ffcf9a3f9796c2d","0xeb4f4631759179652f40cae77ad51b4e076765fc","","0","0.105","137.86395","0.003145968802158","4.13062557754543","3309.66","","","Transfer",""
"0xeac6ebd5110e808219ea97847966ecf46fda30c37feeb58710f3af998798aa48","14034650","1642577663","2022-01-19 07:34:23","0xac000d8081428f2caded1826b463d2ddc848c1e8","0x12be0666d73e60351289859c2ffcf9a3f9796c2d","","0.1","0","131.299","0.001847485494372","2.42572997925549","3084.78","","","Transfer",""
"0x80d598c4b0ee1a648f75038ef26462ac68c1254497ca1e6a59d4000280b63501","14034663","1642577823","2022-01-19 07:37:03","0x12be0666d73e60351289859c2ffcf9a3f9796c2d","0x7bd29408f11d2bfc23c34f18275bbf23bb716bc7","","0","0","0","0.00366840239931256","4.8165756662734","3084.78","","","Set Approval For All",""
"0x32f92a47cb38e7532401c6e90b18d6ef9ae5471fc4f1be5834a342d885c5ab97","14182533","1644552972","2022-02-11 04:16:12","0x156938e058c0bf2a4cebcb069cd92c657b63fe73","0x12be0666d73e60351289859c2ffcf9a3f9796c2d","","0.0358632547391339","0","47.0880948399354","0.002866132811094","3.76320371963831","2928.93","","","Transfer",""
"0xc48c6d3f7cf13be910f94f68efd049e9f2c70037f27ef4410ec5657e926e2984","14182537","1644553025","2022-02-11 04:17:05","0x12be0666d73e60351289859c2ffcf9a3f9796c2d","0xa5409ec958c83c3f309868babaca7c86dcb077c1","","0","0","0","0.046864171184391342","61.532188123394","2928.93","","","Register Proxy",""
"0x75712139c94e288acf309e4cd3a322fd51bf673cd3911b139d9cdb814f8823f3","14182540","1644553082","2022-02-11 04:18:02","0x12be0666d73e60351289859c2ffcf9a3f9796c2d","0x7bd29408f11d2bfc23c34f18275bbf23bb716bc7","","0","0","0","0.00591811910571968","7.77043120461888","2928.93","","","Set Approval For All",""
"0x6c6cf96ba1a47f6611a1fe6f5d0bff3ab34f7f1c993b669121ad138f1b02ed77","14182752","1644555898","2022-02-11 05:04:58","0x12be0666d73e60351289859c2ffcf9a3f9796c2d","0x7be8076f4ea4a4ad08075c2508e481d6c946d12b","","0","0","0","0.005589304910027514","7.33870145381703","2928.93","","","Cancel Order_",""
"0x8a9850843e9f6b6add25bef1e36d468f87c1cfb1742a530880ef4b55b1263a9d","14189299","1644642697","2022-02-12 05:11:37","0x12be0666d73e60351289859c2ffcf9a3f9796c2d","0x59728544b08ab483533076417fbbb2fd0b17ce3a","","0","0","0","0.00226742510523384","2.97710648892098","2918.34","","","Cancel Multiple Maker Orders",""
"0x571f37709946ad4ed85bfa282b0ad03dc6fa19c396ff7915224b1b66f08b2334","14189306","1644642756","2022-02-12 05:12:36","0x12be0666d73e60351289859c2ffcf9a3f9796c2d","0x59728544b08ab483533076417fbbb2fd0b17ce3a","","0","0","0","0.00113913820357348","1.49567706990994","2918.34","","","Cancel Multiple Maker Orders",""
"0xe670f4e204fa37e4c95e23bf7d4cf423e5ddf8b2a16112ae40a4bce15b83dff8","14190625","1644660790","2022-02-12 10:13:10","0x12be0666d73e60351289859c2ffcf9a3f9796c2d","0xc02aaa39b223fe8d0a0e5c4f27ead9083c756cc2","","0","3.05","4004.6195","0.001771055934108986","2.32537873092576","2918.34","","","Deposit",""
"0x208b3039738e2bb659e41f66f41d0d49bd2d847b714440ec5e55317854f93cfd","14190633","1644660918","2022-02-12 10:15:18","0x12be0666d73e60351289859c2ffcf9a3f9796c2d","0xc02aaa39b223fe8d0a0e5c4f27ead9083c756cc2","","0","0","0","0.001981947569129444","2.60227733879127","2918.34","","","Approve",""
"0xda8cfed18553a5a844588c3ef247d25af8a7c0a13292d51943413a5703edfeb2","14192853","1644689702","2022-02-12 18:15:02","0xad77a557de6f429f5604737b365286b3de67a3d6","0x12be0666d73e60351289859c2ffcf9a3f9796c2d","","0.044891577164528492","0","58.9421919012543","0.001367438495178","1.79543306978376","2918.34","","","Transfer",""
"0x4bb81083136c8f409d0b1a4690973ff29e0abc95754652a9f37c74ac4ad7f96d","14192871","1644689980","2022-02-12 18:19:40","0x12be0666d73e60351289859c2ffcf9a3f9796c2d","0xad77a557de6f429f5604737b365286b3de67a3d6","","0","0.05","65.6495","0.001368698642052","1.79708763002786","2918.34","","","Transfer",""
"0x05ac72305061c39e440dd60c73f492df4d41af61585cdf6cc2003890750242ab","14192880","1644690097","2022-02-12 18:21:37","0xad77a557de6f429f5604737b365286b3de67a3d6","0x12be0666d73e60351289859c2ffcf9a3f9796c2d","","0.048643206532607","0","63.8680437452477","0.001288508837721","1.6917992188393","2918.34","","","Transfer",""
"0x71875f6e57493e9a08f8ee75d84c947ff76bd98f101a4755070aa6b2638d6e20","14210040","1644919362","2022-02-15 10:02:42","0x12be0666d73e60351289859c2ffcf9a3f9796c2d","0x7bd29408f11d2bfc23c34f18275bbf23bb716bc7","","0","0","0","0.004908058605547692","6.44423186849806","3185.81","","","Transfer From",""
"0xd52932333f8d0ba27bceca7a91aa57e9232fb8602a802405a6104cb84bf2788b","14229302","1645176962","2022-02-18 09:36:02","0x12be0666d73e60351289859c2ffcf9a3f9796c2d","0xc02aaa39b223fe8d0a0e5c4f27ead9083c756cc2","","0","0","0","0.00422056135516874","5.541554853723","2780.72","","","Approve",""
"0xab66f2826bcf3d4bd15ae2adc80eb7d4123ef5342f40967b6ccfdb8af0e350e5","14234686","1645249099","2022-02-19 05:38:19","0x12be0666d73e60351289859c2ffcf9a3f9796c2d","0xc02aaa39b223fe8d0a0e5c4f27ead9083c756cc2","","0","0","0","0.001408365032594256","1.84916920414593","2764.50","","","Withdraw",""
"0xebaad7548ca540e2f9135f81563cfbb88159174866142c2505ac7e1f26a255a4","14236911","1645279516","2022-02-19 14:05:16","0x12be0666d73e60351289859c2ffcf9a3f9796c2d","0xc02aaa39b223fe8d0a0e5c4f27ead9083c756cc2","","0","2.4","3151.176","0.00423808269013843","5.56456019132486","2764.50","","","Deposit",""
"0xd76e9f99788a306365a2dac5acb57bf3302058292f6fb3771dcf7853fb202d3f","14236956","1645280185","2022-02-19 14:16:25","0x12be0666d73e60351289859c2ffcf9a3f9796c2d","0xc02aaa39b223fe8d0a0e5c4f27ead9083c756cc2","","0","0.2","262.598","0.002901848459487832","3.81009800882293","2764.50","","","Deposit",""
"0x7d9b30def83281f17d26b8155e2235230a7110b8865f4ffbea62ff972d715d15","14237078","1645281934","2022-02-19 14:45:34","0x12be0666d73e60351289859c2ffcf9a3f9796c2d","0xc02aaa39b223fe8d0a0e5c4f27ead9083c756cc2","","0","0","0","0.002538499268745572","3.33302415487025","2764.50","","","Withdraw",""
"0x54913c5dc500b053a29bfdc339aa08103d3982a8251da75e636064699c73bf9b","14240565","1645328269","2022-02-20 03:37:49","0x12be0666d73e60351289859c2ffcf9a3f9796c2d","0x7bd29408f11d2bfc23c34f18275bbf23bb716bc7","","0","0","0","0.001496396512832536","1.96475365738399","2622.70","","","Set Approval For All",""
"0xd4dd1654e57430a77e29496bd044bc06a85920742d7319a76b424963ad2a86f9","14240566","1645328293","2022-02-20 03:38:13","0x12be0666d73e60351289859c2ffcf9a3f9796c2d","0x7bd29408f11d2bfc23c34f18275bbf23bb716bc7","","0","0","0","0.001678782489779416","2.20422462125548","2622.70","","","Set Approval For All",""
"0x02bd2cf56390098f748761421c36315083420040af0d8c3abca51b5676311492","14240571","1645328380","2022-02-20 03:39:40","0x12be0666d73e60351289859c2ffcf9a3f9796c2d","0xc02aaa39b223fe8d0a0e5c4f27ead9083c756cc2","","0","0","0","0.00169012436955208","2.21911639597819","2622.70","","","Approve",""
"0x3d5258a1dc39c1dfd939d2d91c18aeb185f7772a15a13fe2d5d6384570425019","14240577","1645328442","2022-02-20 03:40:42","0x12be0666d73e60351289859c2ffcf9a3f9796c2d","0xad77a557de6f429f5604737b365286b3de67a3d6","","0","0.05","65.6495","0.001163789657562","1.52804418248233","2622.70","","","Transfer",""
"0xd8ab544612652d0f612f336f3ab497b392400c9443f0e2312f0e1b8fe6c61410","14240582","1645328562","2022-02-20 03:42:42","0xad77a557de6f429f5604737b365286b3de67a3d6","0x12be0666d73e60351289859c2ffcf9a3f9796c2d","","0.048418034727686","0","63.5723954171044","0.001560669732174","2.04914375164714","2622.70","","","Transfer",""
"0x233d03c2f12e2ed5551b4b29e83652cf337fa502708a597573711739b0486238","14250392","1645459463","2022-02-21 16:04:23","0x12be0666d73e60351289859c2ffcf9a3f9796c2d","0xc02aaa39b223fe8d0a0e5c4f27ead9083c756cc2","","0","3.2","4201.568","0.004493805431142832","5.90032159303623","2570.15","","","Deposit",""
"0xeeef8eddc0d2857c5eadd9dfa2e11419d0085ab56081d42f77edeb995c974da7","14255882","1645533192","2022-02-22 12:33:12","0xeb4f4631759179652f40cae77ad51b4e076765fc","0x12be0666d73e60351289859c2ffcf9a3f9796c2d","","0.55","0","722.1445","0.000984311284173","1.29239087300631","2638.81","","","Transfer",""
"0x6d5b3cbcbfe80e63695a104c46186398b6b49356ff9d0dae2a72b0038825c7c9","14255887","1645533307","2022-02-22 12:35:07","0x12be0666d73e60351289859c2ffcf9a3f9796c2d","0xc02aaa39b223fe8d0a0e5c4f27ead9083c756cc2","","0","0.57","748.4043","0.0014692291016824","1.92908311821797","2638.81","","","Deposit",""
"0x8bda4aaacd86d649c5d406e22146b07863eb3dc5b3c0f600295ba51b79200293","14256806","1645545744","2022-02-22 16:02:24","0x12be0666d73e60351289859c2ffcf9a3f9796c2d","0x7bd29408f11d2bfc23c34f18275bbf23bb716bc7","","0","0","0","0.0066568340970132","8.74035660103736","2638.81","","","Set Approval For All",""
"0x7f7d516c1a0884c850e93756df4c30df7ed35b5f13f5bec01262df6b537b7b45","14256897","1645546902","2022-02-22 16:21:42","0x12be0666d73e60351289859c2ffcf9a3f9796c2d","0x7f268357a8c2552623316e2562d90e642bb538e5","","0","0","0","0.009073515823575632","11.9134355411966","2638.81","","","Cancel Order_",""
"0xb807b1db508c876dfbab79ecf4250bbdfc35e5fda3b4608663cd4ba2e678f4a8","14261400","1645606933","2022-02-23 09:02:13","0x12be0666d73e60351289859c2ffcf9a3f9796c2d","0xc02aaa39b223fe8d0a0e5c4f27ead9083c756cc2","","0","0","0","0.002079478345690148","2.73033427310771","2580.97","","","Withdraw",""
"0xcc8f7dcbc5fe3d8209a037d4bd422066a5ed909ea3486297cf5252f1b1788ed0","14261487","1645607862","2022-02-23 09:17:42","0x12be0666d73e60351289859c2ffcf9a3f9796c2d","0xc02aaa39b223fe8d0a0e5c4f27ead9083c756cc2","","0","0","0","0.00133077886266116","1.74729933888548","2580.97","","","Withdraw",""
"0xea0e6c6fc75b9360d438e754bc605d3baf1e8cbce638f40495ad58f0b6d4f261","14261492","1645607915","2022-02-23 09:18:35","0x12be0666d73e60351289859c2ffcf9a3f9796c2d","0x7bd29408f11d2bfc23c34f18275bbf23bb716bc7","","0","2","2625.98","0.00270912","3.5570474688","2580.97","","","Deposit",""
"0x6c95a5115bac0d70654e83b0e029f702109fa8c618bcb6cc92526656188ff95c","14266578","1645676217","2022-02-24 04:16:57","0x12be0666d73e60351289859c2ffcf9a3f9796c2d","0x7bd29408f11d2bfc23c34f18275bbf23bb716bc7","","0","0","0","0.012731958","16.71693353442","2597.94","","","Withdraw",""
"0x63e09a958648dd160e390a6490b557f723d5a8e25f8e68ca00cb84a2018e652c","14266602","1645676632","2022-02-24 04:23:52","0x12be0666d73e60351289859c2ffcf9a3f9796c2d","0xc02aaa39b223fe8d0a0e5c4f27ead9083c756cc2","","0","3.7","4858.063","0.01012604513092711","13.295395996456","2597.94","","","Deposit",""
"0x009a5680583637c29f0b7d66bf6c910bf1f2fcd1be99ce980f6a39994cb51327","14276281","1645805498","2022-02-25 16:11:38","0x12be0666d73e60351289859c2ffcf9a3f9796c2d","0x7f268357a8c2552623316e2562d90e642bb538e5","","0","0","0","0.00404936877882782","5.31678071291314","2769.00","","","Cancel Order_",""
"0x1cc30ecf8eaf2dd41d2a4e1d71f27995f853c2f85ddc8517e71a44a843aaeb18","14283329","1645899640","2022-02-26 18:20:40","0x12be0666d73e60351289859c2ffcf9a3f9796c2d","0xc02aaa39b223fe8d0a0e5c4f27ead9083c756cc2","","0","0","0","0.001506272816704172","1.97772114560441","2780.32","","","Withdraw",""
"0x146091bb0735de09402c6f95e5faa1ed2afa4eeb4ef514e930a058b5355e0545","14283337","1645899727","2022-02-26 18:22:07","0x12be0666d73e60351289859c2ffcf9a3f9796c2d","0x7f268357a8c2552623316e2562d90e642bb538e5","","0","3","3938.97","0.010060269968946018","13.2090338665264","2780.32","","","Atomic Match_",""
"0x6742548af6014d1cdf05fee69a17d578da5ee38dbdb0ad727f8a3d1460bae74d","14285865","1645933116","2022-02-27 03:38:36","0x12be0666d73e60351289859c2ffcf9a3f9796c2d","0x7f268357a8c2552623316e2562d90e642bb538e5","","0","0","0","0.00290279261897487","3.81133768078781","2617.32","","","Cancel Order_",""
"0xb142e8b83bb6bb1f591a608e650c0661d940a31d867b224f56c438ef157aaa35","14302074","1646150352","2022-03-01 15:59:12","0x12be0666d73e60351289859c2ffcf9a3f9796c2d","0xc02aaa39b223fe8d0a0e5c4f27ead9083c756cc2","","0","0.65","853.4435","0.003159029362414632","4.14777396255679","2976.59","","","Deposit",""
"0x63177228475bc298c5be752cba888d44dc9d2b2ea963d3c3c10ec1ccb2979b96","14330682","1646534336","2022-03-06 02:38:56","0x12be0666d73e60351289859c2ffcf9a3f9796c2d","0xc02aaa39b223fe8d0a0e5c4f27ead9083c756cc2","","0","5.9","7746.641","0.00107868178744795","1.41629840010128","2552.58","","","Deposit",""
"0xe0864f2d2e50cab4848bb8b3b928d97da4f0f760f7d42b27bf8364e3a7b8fb46","14330749","1646535024","2022-03-06 02:50:24","0x12be0666d73e60351289859c2ffcf9a3f9796c2d","0xc02aaa39b223fe8d0a0e5c4f27ead9083c756cc2","","0","0","0","0.001144328737364232","1.50249218887186","2552.58","","","Approve",""
"0xb8b22fbbc9ce9eabf84c1d91b763d21b94b144b8e65639ec1cfba3469990c7b3","14331501","1646544744","2022-03-06 05:32:24","0x12be0666d73e60351289859c2ffcf9a3f9796c2d","0x7f268357a8c2552623316e2562d90e642bb538e5","","0","0","0","0.001637417506513892","2.14991281187767","2552.58","","","Cancel Order_",""
"0xe581ce49a203e312f6bade7d4cc25858dd9b0874f6e2c9b31bfbc35e51b40d22","14332535","1646559074","2022-03-06 09:31:14","0x12be0666d73e60351289859c2ffcf9a3f9796c2d","0xc02aaa39b223fe8d0a0e5c4f27ead9083c756cc2","","0","0","0","0.000849253439428128","1.11506127343474","2552.58","","","Transfer",""
"0xb182aa07059201972c7b49c59c3906cc20ec22720ad122b399f94414443a25cb","14339726","1646656605","2022-03-07 12:36:45","0x12be0666d73e60351289859c2ffcf9a3f9796c2d","0x7f268357a8c2552623316e2562d90e642bb538e5","","0","0","0","0.0023795838395892","3.12436978554222","2496.67","","","Cancel Order_",""
"0xa44289502deea2a5d33b91c44da5bf627dc58dd7e6f14c87e6635ba81f5ae0af","14352936","1646833605","2022-03-09 13:46:45","0x12be0666d73e60351289859c2ffcf9a3f9796c2d","0xc02aaa39b223fe8d0a0e5c4f27ead9083c756cc2","","0","0","0","0.0008117763302688","1.06585420387963","2733.05","","","Withdraw",""
"0xbe04d082bd415e79ef9b9e5e4c45da28161713fc4e0efd8949c320348067f609","14352940","1646833657","2022-03-09 13:47:37","0x12be0666d73e60351289859c2ffcf9a3f9796c2d","0xad77a557de6f429f5604737b365286b3de67a3d6","","0","0.1","131.299","0.000468498276204","0.61513355167309","2733.05","","","Transfer",""
"0xbc5b7404f40113b2212416e8983f2d50ceeada25793f514885482abe45c8caa9","14352955","1646833816","2022-03-09 13:50:16","0xad77a557de6f429f5604737b365286b3de67a3d6","0x12be0666d73e60351289859c2ffcf9a3f9796c2d","","0.097229650770922048","0","127.661559165713","0.000388200307782","0.509703122114688","2733.05","","","Transfer",""
"0x8d1d38770309dca3bb4a3b8051bf286b13c1fdb58c0c6718f5788a89805727b3","14355773","1646870737","2022-03-10 00:05:37","0x12be0666d73e60351289859c2ffcf9a3f9796c2d","0x7f268357a8c2552623316e2562d90e642bb538e5","","0","3.9","5120.661","0.006508890969596826","8.54610875417094","2608.64","","","Atomic Match_",""
"0xec6e7821b6fd2061640f94da7f349fe2f427c5ad566f2c945f141ba2dde466bb","14355863","1646871868","2022-03-10 00:24:28","0x12be0666d73e60351289859c2ffcf9a3f9796c2d","0x7f268357a8c2552623316e2562d90e642bb538e5","","0","0","0","0.002265248748952762","2.97424895488749","2608.64","","","Cancel Order_",""
"0xb2d1520b3a170741382097295f75e7c12ac5fb5cf706a3f74d552b99023fcd90","14359122","1646916082","2022-03-10 12:41:22","0x12be0666d73e60351289859c2ffcf9a3f9796c2d","0xc02aaa39b223fe8d0a0e5c4f27ead9083c756cc2","","0","0.5","656.495","0.00156582567372292","2.05591345134146","2608.64","","","Deposit",""
"0x16feecd88318fa3f65233ea6592c94e4d92ddef0b23680a30bc4272659520f57","14362048","1646954647","2022-03-10 23:24:07","0x12be0666d73e60351289859c2ffcf9a3f9796c2d","0x7f268357a8c2552623316e2562d90e642bb538e5","","0","0","0","0.002884885832330858","3.78782624899209","2608.64","","","Cancel Order_",""
"0xd42641185a6b41208cbf77deb383dc56c0960871eb2569f82a61fa0f57fd7149","14362076","1646954933","2022-03-10 23:28:53","0x12be0666d73e60351289859c2ffcf9a3f9796c2d","0xc02aaa39b223fe8d0a0e5c4f27ead9083c756cc2","","0","11","14442.89","0.000623944970571706","0.819233506910944","2608.64","","","Deposit",""
"0x239c6c0795e7a94e5647f2ae6a5ef7bf86621ac3d84897230df8ebf46972da86","14362133","1646955753","2022-03-10 23:42:33","0x12be0666d73e60351289859c2ffcf9a3f9796c2d","0xc02aaa39b223fe8d0a0e5c4f27ead9083c756cc2","","0","0","0","0.001037574933527132","1.36232551197179","2608.64","","","Withdraw",""
"0x2f9735ca55fea5a3f6345d87717abdb87b04786903a681e4e9a87fe1aeb5b7ea","14362138","1646955835","2022-03-10 23:43:55","0x12be0666d73e60351289859c2ffcf9a3f9796c2d","0x7f268357a8c2552623316e2562d90e642bb538e5","","0","5","6564.95","0.00622246886854065","8.17003939970519","2608.64","","","Atomic Match_",""
"0xf65f8802949fb3bbfad93ed3fd8d6611106d9bac101c4c6109d3a8b20f660bdf","14362651","1646962564","2022-03-11 01:36:04","0x12be0666d73e60351289859c2ffcf9a3f9796c2d","0xc02aaa39b223fe8d0a0e5c4f27ead9083c756cc2","","0","0","0","0.000793848720051244","1.04231543094008","2557.57","","","Withdraw",""
"0xd338e60488214c28423e29bc36e7305e327c4d5c74447764801c901e7a07f16c","14362656","1646962654","2022-03-11 01:37:34","0x12be0666d73e60351289859c2ffcf9a3f9796c2d","0x7f268357a8c2552623316e2562d90e642bb538e5","","0","5","6564.95","0.008550410976042075","11.2266041074335","2557.57","","","Atomic Match_",""
"0x21abd6fec7dfc628f0274fd652c5bef0bfdc8fc72f24d521e2c7b14a84164ef6","14370243","1647065665","2022-03-12 06:14:25","0x12be0666d73e60351289859c2ffcf9a3f9796c2d","0xc02aaa39b223fe8d0a0e5c4f27ead9083c756cc2","","0","1.3","1706.887","0.000791278008184496","1.03894011196616","2569.87","","","Deposit",""
"0x76cd03a7823adeb821a1e73ed6e7a4f4b3f053420c5658c54cd87aab0e16af39","14373295","1647106437","2022-03-12 17:33:57","0x12be0666d73e60351289859c2ffcf9a3f9796c2d","0xc02aaa39b223fe8d0a0e5c4f27ead9083c756cc2","","0","0.3","393.897","0.000939945808432908","1.23413944701432","2569.87","","","Deposit",""
"0x3f21bd06296f3f5dbe2e2183cf978e27126006483eb62f6638a89660f1e36397","14373315","1647106675","2022-03-12 17:37:55","0x12be0666d73e60351289859c2ffcf9a3f9796c2d","0xc02aaa39b223fe8d0a0e5c4f27ead9083c756cc2","","0","0","0","0.001409599385292222","1.85078989689483","2569.87","","","Transfer",""
"0x9fe39bd6b7bcc8ea2aad716f99767fe596231a6f6a438b07f928a4406b75f1df","14385072","1647265566","2022-03-14 13:46:06","0x12be0666d73e60351289859c2ffcf9a3f9796c2d","0x7bd29408f11d2bfc23c34f18275bbf23bb716bc7","","0","0","0","0.0012248061","1.608158161239","2591.45","","","Cancel Offer",""
"0xd7c1322a93a1d5772c154cb6fd95b030b3a15ffe0e514649c374dd07c7c623d3","14385077","1647265633","2022-03-14 13:47:13","0x12be0666d73e60351289859c2ffcf9a3f9796c2d","0x7bd29408f11d2bfc23c34f18275bbf23bb716bc7","","0","0","0","0.0007292961","0.957558486339","2591.45","","","Cancel Offer",""
"0xb77cfde4cfc651124812ea5b805224f7cb9c49d9cb8c3036cc61bc497f271979","14388832","1647315884","2022-03-15 03:44:44","0x12be0666d73e60351289859c2ffcf9a3f9796c2d","0x7bd29408f11d2bfc23c34f18275bbf23bb716bc7","","0","0","0","0.001664282218174","2.18518590964028","2619.61","","","Set Approval For All",""
"0xe32e210649aeee518d36541ba6bdb145be4b1afa3c39ea33e0354e0945c9b2cc","14391227","1647348259","2022-03-15 12:44:19","0x12be0666d73e60351289859c2ffcf9a3f9796c2d","0xad77a557de6f429f5604737b365286b3de67a3d6","","0","0.066379640895119906","87.1558046988835","0.000436468295781","0.573078507677495","2619.61","","","Transfer",""
"0x0454135b52597494fd681b893fc8ef662e8d8fc7d8c6c494c5bc25e82398b4c9","14391239","1647348387","2022-03-15 12:46:27","0xad77a557de6f429f5604737b365286b3de67a3d6","0x12be0666d73e60351289859c2ffcf9a3f9796c2d","","0.064073334469499309","0","84.1276474251079","0.000354916134867","0.466001335919022","2619.61","","","Transfer",""
"0x33a9e5575063b3d1b74ebb263c595c92f155f0ffa20900a1766c36945b957732","14396928","1647424718","2022-03-16 09:58:38","0x12be0666d73e60351289859c2ffcf9a3f9796c2d","0x59728544b08ab483533076417fbbb2fd0b17ce3a","","0","0","0","0.00104501580094283","1.37209529647993","2775.15","","","Cancel Multiple Maker Orders",""
"0xf307f5202e5baef5b2def1223dd82c5456d568b186e2f867b2303372b0a06ba5","14396933","1647424809","2022-03-16 10:00:09","0x12be0666d73e60351289859c2ffcf9a3f9796c2d","0x59728544b08ab483533076417fbbb2fd0b17ce3a","","0","0","0","0.00062398674926456","0.819288361916875","2775.15","","","Cancel Multiple Maker Orders",""
"0xc2d4a99ee5aed24b30d9743ae9053528a00df0c0c6343cb88f68212668b03ca1","14398400","1647444063","2022-03-16 15:21:03","0x12be0666d73e60351289859c2ffcf9a3f9796c2d","0x8c95ae01df6545be45a300ffa46d463f1e717c34","","0","5.1","6696.249","0.00098720250489","1.29618701689552","2775.15","","","Transfer",""
"0xbf6ab920f0c65efb75c8dbfead9415f726bb2f54f71d61bbe18fb44595dcf5ed","14404908","1647531644","2022-03-17 15:40:44","0xad77a557de6f429f5604737b365286b3de67a3d6","0x12be0666d73e60351289859c2ffcf9a3f9796c2d","","0.695886695025986688","0","913.69227170217","0.001910663833134","2.50868250626661","2816.26","","","Transfer",""
"0xd3c74eba3f21fb1b4751d48952ee4220a3a4884ab03597aaaac6debe8e838d47","14414596","1647662658","2022-03-19 04:04:18","0x12be0666d73e60351289859c2ffcf9a3f9796c2d","0x7f268357a8c2552623316e2562d90e642bb538e5","","0","0","0","0.001845464387466228","2.42307628609928","2952.64","","","Cancel Order_",""
"0x98fa833952a09cc39d5b58eb24efae72bd9ef3459bb6895a97a7af596595c409","14417817","1647705996","2022-03-19 16:06:36","0x12be0666d73e60351289859c2ffcf9a3f9796c2d","0x59728544b08ab483533076417fbbb2fd0b17ce3a","","0","0","0","0.00179140568929016","2.35209775598109","2952.64","","","Cancel Multiple Maker Orders",""
"0xa206dec775e60d2627eb9724b049c5b635fc99031362872f5268423ef711c54c","14417824","1647706116","2022-03-19 16:08:36","0x12be0666d73e60351289859c2ffcf9a3f9796c2d","0x59728544b08ab483533076417fbbb2fd0b17ce3a","","0","0","0","0.00144484668255444","1.89706924572715","2952.64","","","Cancel Multiple Maker Orders",""
"0x082556ce1325cf69c6e7d1a23ff113d7df344d00d4f5f049efd12e1dc9de3026","14442834","1648042117","2022-03-23 13:28:37","0x12be0666d73e60351289859c2ffcf9a3f9796c2d","0x8c95ae01df6545be45a300ffa46d463f1e717c34","","0","0.7","919.093","0.000650348229321","0.85390072161618","3032.98","","","Transfer",""
"0x90778eec3e72bf6258278b580229441124a8dbf555a512dea987d7dd0c7d9df5","14442836","1648042230","2022-03-23 13:30:30","0x12be0666d73e60351289859c2ffcf9a3f9796c2d","0x7f268357a8c2552623316e2562d90e642bb538e5","","0","0","0","0.003141460247187015","4.12470588995408","3032.98","","","Cancel Order_",""
"0x2c07bdbf6a913c99fc1b67b82469e3d64bc53a2b525134eb564a0ddef05b402d","14486458","1648628388","2022-03-30 08:19:48","0x12be0666d73e60351289859c2ffcf9a3f9796c2d","0x9c80777cae192e5031c38a0d951c55730ecc3f5e","","0","0","0","0.003860711799517958","5.06907598564908","3385.11","","","Request Reveal",""
"0xd4ec2b6598bd41c0714374b0cf93841ab31d54dd07eeb9b440d5384738e445ae","14486541","1648629357","2022-03-30 08:35:57","0x12be0666d73e60351289859c2ffcf9a3f9796c2d","0x9c80777cae192e5031c38a0d951c55730ecc3f5e","","0","0","0","0.003329406883897864","4.37147794448906","3385.11","","","Request Reveal",""
"0xe9a17a8455a34930d00dfeacad8e20264d0c525d4d6ed7751849c86541cbdbb5","14486564","1648629578","2022-03-30 08:39:38","0x12be0666d73e60351289859c2ffcf9a3f9796c2d","0x9c80777cae192e5031c38a0d951c55730ecc3f5e","","0","0","0","0.002740300849127457","3.59798761189586","3385.11","","","Request Reveal",""
"0xcc9bb6a75db7978a0b1e13c5cc10a94f15014b9dbc6878ceb2ebaab6bb11b143","14511433","1648965087","2022-04-03 05:51:27","0x12be0666d73e60351289859c2ffcf9a3f9796c2d","0x9c80777cae192e5031c38a0d951c55730ecc3f5e","","0","0","0","0.002102581302550689","2.76066822443603","3522.49","","","Set Approval For All",""
"0xc095e61688cab5b2dd1e3b9a9ca8ea6e7fda40ad4a0d6aeda0607fe3d8863256","14587865","1649997267","2022-04-15 04:34:27","0x12be0666d73e60351289859c2ffcf9a3f9796c2d","0x8c95ae01df6545be45a300ffa46d463f1e717c34","","0","5.8","7615.342","0.000662438480949","0.869775101101228","3041.21","","","Transfer",""
"0xb8496fdd768e0588f7334bf8188371c777af1af4f0b637c76f96e599015801cb","14597062","1650121957","2022-04-16 15:12:37","0x12be0666d73e60351289859c2ffcf9a3f9796c2d","0x8c95ae01df6545be45a300ffa46d463f1e717c34","","0","2","2625.98","0.000618644563362","0.812274125248672","3060.28","","","Transfer",""
"0xf49e9e369927e44a3b9b4fb9f210a0b536406051ccbe2038ecc8ecc88a69b831","14607372","1650260707","2022-04-18 05:45:07","0x12be0666d73e60351289859c2ffcf9a3f9796c2d","0x7f268357a8c2552623316e2562d90e642bb538e5","","0","0","0","0.002024426829343743","2.65805218266004","3056.20","","","Cancel Order_",""
"0x3fddc048c617fb260d42fc45064febfbef39b436d2ebd30d68c01e163459d325","14636609","1650656433","2022-04-22 19:40:33","0x56eddb7aa87536c09ccc2793473599fd21a8b17f","0x12be0666d73e60351289859c2ffcf9a3f9796c2d","","32.13802746","0","42196.9086747054","0.000903254495325","1.18596411981677","2963.17","","","Transfer",""
"0xc27e45c4dd617eb65d05e05b34ae556ab106d1ed61bbbd16f73d278c88a89a18","14636647","1650656978","2022-04-22 19:49:38","0x12be0666d73e60351289859c2ffcf9a3f9796c2d","0x71d70254f4b26409fae488d4a52328411991b725","","0","0.02","26.2598","0.001079772368976","1.4177303227418","2963.17","","","Transfer",""
"0xffd1190041ed070fb011aae67d559f2ceb4fb261f6eecb9509c3b49b4473787b","14638197","1650677445","2022-04-23 01:30:45","0x12be0666d73e60351289859c2ffcf9a3f9796c2d","0x7f268357a8c2552623316e2562d90e642bb538e5","","0","5.5","7221.445","0.00557713776827875","7.32272611837232","2933.65","","","Atomic Match_",""
"0xf4eab39b2565e06fb98a0ea28a722a73dd71ec929959dccfba443af5644d8932","14638326","1650679168","2022-04-23 01:59:28","0x12be0666d73e60351289859c2ffcf9a3f9796c2d","0xc02aaa39b223fe8d0a0e5c4f27ead9083c756cc2","","0","26","34137.74","0.001338965904875992","1.75804884344313","2933.65","","","Deposit",""
"0x447f5d15db295c688268a5d73765714b04376a31ea65c6f1a04db39747862a94","14640278","1650706548","2022-04-23 09:35:48","0x12be0666d73e60351289859c2ffcf9a3f9796c2d","0x57f1887a8bf19b14fc0df6fd9b2acc9af147ea85","","0","0","0","0.00114060849604264","1.49760754921903","2933.65","","","Set Approval For All",""
"0x73f8ff726edf6d37a87b9139dc48e6e5ee7c362d416ea871155b623fb51823f5","14641095","1650717357","2022-04-23 12:35:57","0x12be0666d73e60351289859c2ffcf9a3f9796c2d","0xc02aaa39b223fe8d0a0e5c4f27ead9083c756cc2","","0","0","0","0.001286683721471512","1.68940285945488","2933.65","","","Withdraw",""
"0x1b7ea534a02abdd44677e956623dc4e9a67d76d37f39cc9c1a8fbbd4faed275a","14641107","1650717530","2022-04-23 12:38:50","0x12be0666d73e60351289859c2ffcf9a3f9796c2d","0xc02aaa39b223fe8d0a0e5c4f27ead9083c756cc2","","0","6","7877.94","0.000969733996895308","1.27325104058357","2933.65","","","Deposit",""
"0xaf8c045539c8871a28af7b4fed76a652733d51d8e8d18c08df2060f934af6199","14642281","1650733251","2022-04-23 17:00:51","0x12be0666d73e60351289859c2ffcf9a3f9796c2d","0xc02aaa39b223fe8d0a0e5c4f27ead9083c756cc2","","0","0","0","0.001643667724180176","2.15811928517133","2933.65","","","Withdraw",""
"0xeb7faf7cc84e3cc9514a02e18d1b4ad4b743d45396d5c7e2c87f015caae2f61b","14642288","1650733338","2022-04-23 17:02:18","0x12be0666d73e60351289859c2ffcf9a3f9796c2d","0x7f268357a8c2552623316e2562d90e642bb538e5","","0","6.03","7917.3297","0.010512542939555","13.8028637542063","2933.65","","","Atomic Match_",""
"0xac89d13029bf51fab7a8c964157c897b0c02f846834a9657c60bd2f646fc76e5","14642293","1650733414","2022-04-23 17:03:34","0x12be0666d73e60351289859c2ffcf9a3f9796c2d","0x7f268357a8c2552623316e2562d90e642bb538e5","","0","6.04","7930.4596","0.0119130859816059","15.6417627629887","2933.65","","","Atomic Match_",""
"0x2f0829b02f5be91fe1bd655de4b2dd08178532a273c3a7b5bf318d87d96e0468","14642300","1650733496","2022-04-23 17:04:56","0x12be0666d73e60351289859c2ffcf9a3f9796c2d","0x7f268357a8c2552623316e2562d90e642bb538e5","","0","6.19","8127.4081","0.00943795169744697","12.3919361992309","2933.65","","","Atomic Match_",""
"0xae1181f4252e51a60d6fddada602cd55a20e7377228f7331702d37f411b0a31b","14642310","1650733674","2022-04-23 17:07:54","0x12be0666d73e60351289859c2ffcf9a3f9796c2d","0x7f268357a8c2552623316e2562d90e642bb538e5","","0","6.05","7943.5895","0.009986874362638635","13.1126661694009","2933.65","","","Atomic Match_",""
"0xf82e5de5c7465ea02b5751bd628972029e5672f3ad9203401b54ee729a3236fd","14642343","1650734114","2022-04-23 17:15:14","0x12be0666d73e60351289859c2ffcf9a3f9796c2d","0x7f268357a8c2552623316e2562d90e642bb538e5","","0","6.15","8074.8885","0.003410111991297088","4.47744294345316","2933.65","Error(0)","Reverted","Atomic Match_",""
"0xcac8be2ca1641e8c72c5e372f1dcc3869214f6d19c22c99906bf3df25770be07","14642353","1650734212","2022-04-23 17:16:52","0x12be0666d73e60351289859c2ffcf9a3f9796c2d","0x7f268357a8c2552623316e2562d90e642bb538e5","","0","6.2","8140.538","0.007664591993655","10.0635326417491","2933.65","","","Atomic Match_",""
"0xdfdba882308b6afb001881d982a4946fe113c7392eee6237b35cec56a2a61692","14642358","1650734294","2022-04-23 17:18:14","0x12be0666d73e60351289859c2ffcf9a3f9796c2d","0x7f268357a8c2552623316e2562d90e642bb538e5","","0","6.2","8140.538","0.008740124428350168","11.4756959731795","2933.65","","","Atomic Match_",""
"0x2fdbfa52ef02bcee1f802ee22f93447f4047410ab1f560cee75d89a3e6d620be","14644799","1650767291","2022-04-24 02:28:11","0x12be0666d73e60351289859c2ffcf9a3f9796c2d","0xc02aaa39b223fe8d0a0e5c4f27ead9083c756cc2","","0","4.5","5908.455","0.00109944025623194","1.44355406202997","2922.37","","","Deposit",""
"0x27122764b414dc5c9efa14e16cee280e2f15bf319c15dd11f733d72fd1f2a440","14646774","1650793941","2022-04-24 09:52:21","0x12be0666d73e60351289859c2ffcf9a3f9796c2d","0xc02aaa39b223fe8d0a0e5c4f27ead9083c756cc2","","0","0.6","787.794","0.000813815070451296","1.06853104935185","2922.37","","","Deposit",""
"0xf5bdeea1deccf5ee67ec21e773ae9a64b30519b1061f07796a89a978088e1c5d","14646845","1650794781","2022-04-24 10:06:21","0x12be0666d73e60351289859c2ffcf9a3f9796c2d","0xc02aaa39b223fe8d0a0e5c4f27ead9083c756cc2","","0","0","0","0.00054553738582332","0.716285132212161","2922.37","","","Withdraw",""
"0xf41b28f9024ed7b2370c1d960e71b5eb5f41f98a4cc38a9c76ae8baad6fcfff1","14654940","1650905508","2022-04-25 16:51:48","0x12be0666d73e60351289859c2ffcf9a3f9796c2d","0x7f268357a8c2552623316e2562d90e642bb538e5","","0","6.15","8074.8885","0.01639338665435975","21.5243527433078","3006.45","","","Atomic Match_",""
"0x879908f603377865ce491e341b36efe523bc98ebba6b5ce7faa944e4be57dfbb","14654993","1650906248","2022-04-25 17:04:08","0x12be0666d73e60351289859c2ffcf9a3f9796c2d","0x7bd29408f11d2bfc23c34f18275bbf23bb716bc7","","0","0","0","0.007295951493639332","9.57951135163351","3006.45","","","Safe Transfer From",""
"0x7d7efe5ee67d5a21b5e7f7290885713a1a9d473097c2f43bce9ba4680ec41f97","14664090","1651029561","2022-04-27 03:19:21","0x12be0666d73e60351289859c2ffcf9a3f9796c2d","0xeb4f4631759179652f40cae77ad51b4e076765fc","","0","0.05","65.6495","0.001074726539019","1.41110519846656","2889.72","","","Transfer",""
"0xe604473b035fe4c925c669e5ec9d4d1fcc0b26827fa1d7d9a8e26692112ff784","14664101","1651029782","2022-04-27 03:23:02","0x12be0666d73e60351289859c2ffcf9a3f9796c2d","0x8c95ae01df6545be45a300ffa46d463f1e717c34","","0","2","2625.98","0.000989494388463","1.29919623710803","2889.72","","","Transfer",""
"0x24c168467674978a71d188b5e6951ccc6ef743192869aec7f3bf07618a38e9b5","14670278","1651113508","2022-04-28 02:38:28","0x12be0666d73e60351289859c2ffcf9a3f9796c2d","0x8c95ae01df6545be45a300ffa46d463f1e717c34","","0","2.5","3282.475","0.000664386457959","0.872332775435587","2936.49","","","Transfer",""
"0x36c289e2d42d016a6a956b783103294bb49ec452b6068eb59bc9c9baa3d829ce","14673073","1651152023","2022-04-28 13:20:23","0x12be0666d73e60351289859c2ffcf9a3f9796c2d","0x7f268357a8c2552623316e2562d90e642bb538e5","","0","0","0","0.00474394705663338","6.22875504588906","2936.49","","","Cancel Order_",""
"0x9d0541eaf0f47dcc80c462ad71a015fa5749136baed72dc37d7e277f0dc0b497","14673092","1651152182","2022-04-28 13:23:02","0x12be0666d73e60351289859c2ffcf9a3f9796c2d","0x7f268357a8c2552623316e2562d90e642bb538e5","","0","0","0","0.002798386677164916","3.67425372325076","2936.49","","","Cancel Order_",""
"0x6457b7c48bdf963ea3244634269bc159eb186c020e9efcba1d961895c86395a3","14673100","1651152269","2022-04-28 13:24:29","0x12be0666d73e60351289859c2ffcf9a3f9796c2d","0x8c95ae01df6545be45a300ffa46d463f1e717c34","","0","1.1","1444.289","0.000640024094094","0.840345235304481","2936.49","","","Transfer",""
"0xeb7aaf8f03b39c5df1bd860e2300f4cad6f7423c90241c42a736346a5a88e9d0","14680065","1651247080","2022-04-29 15:44:40","0x8c95ae01df6545be45a300ffa46d463f1e717c34","0x12be0666d73e60351289859c2ffcf9a3f9796c2d","","1.2","0","1575.588","0.00083922318144","1.10189164499891","2817.23","","","Transfer",""
"0x8ed1ccbea2c23e6a36453a84b0bb202b8243df0440bf1159b707e9a585a8b166","14683236","1651289821","2022-04-30 03:37:01","0x12be0666d73e60351289859c2ffcf9a3f9796c2d","0xc7df86762ba83f2a6197e1ff9bb40ae0f696b9e6","","0","0","0","0.001199734520392072","1.57523942792959","2727.87","","","Set Approval For All",""
"0xc00cca9db032b8ca6476fa4c27848c389b27b5f3a87905f187229dff035c3a2f","14683533","1651293725","2022-04-30 04:42:05","0x12be0666d73e60351289859c2ffcf9a3f9796c2d","0x7f268357a8c2552623316e2562d90e642bb538e5","","0","0","0","0.0029916717781608","3.92803512800735","2727.87","","","Cancel Order_",""
"0xdd5f9b001c1de7c2d3d2e4e82edd09afe6f760eb4958a05b2d41899211aa0566","14683551","1651294012","2022-04-30 04:46:52","0x12be0666d73e60351289859c2ffcf9a3f9796c2d","0xce3ec583d223f9699c20777eb3c22f1f56918d7a","","0","5.23","6866.9377","0.000741689817981","0.973831314110873","2727.87","","","Transfer",""
"0xf37feff38b3a3f3ccca468ca80214fbde64a4645d19570e176893d500e4d88cc","14686531","1651334386","2022-04-30 15:59:46","0x12be0666d73e60351289859c2ffcf9a3f9796c2d","0xce3ec583d223f9699c20777eb3c22f1f56918d7a","","0","0.92","1207.9508","0.001380162568995","1.81213965146475","2727.87","","","Transfer",""
"0xe3a5229a07f35ff96a30dbb1d31a22d5ff67a2587111607f8c532663a2542dee","14696287","1651466854","2022-05-02 04:47:34","0x12be0666d73e60351289859c2ffcf9a3f9796c2d","0x34d85c9cdeb23fa97cb08333b511ac86e1c4e258","","0","0","0","0.002147182711533019","2.81922942841574","2856.12","","","Set Approval For All",""
"0xcbe76f9daedf430e271bb06f082a572ac230bfae4d2549dadd984f3fe2d789d7","14703145","1651560644","2022-05-03 06:50:44","0x8c95ae01df6545be45a300ffa46d463f1e717c34","0x12be0666d73e60351289859c2ffcf9a3f9796c2d","","0.11","0","144.4289","0.00115339261086","1.51439296413307","2780.63","","","Transfer",""
"0xc6e89bf1924c3b44bbeedfa69d42d1da77e92ceb0c42889ace56e5140e8ea48a","14703290","1651562511","2022-05-03 07:21:51","0x12be0666d73e60351289859c2ffcf9a3f9796c2d","0x7f268357a8c2552623316e2562d90e642bb538e5","","0","0","0","0.004492974590193384","5.89923070717801","2780.63","","","Cancel Order_",""
"0x9bd084727d617abc3bcbf8edbdb69721fde7bee7751aca05791e0967b999e181","14703595","1651566505","2022-05-03 08:28:25","0x12be0666d73e60351289859c2ffcf9a3f9796c2d","0x7f268357a8c2552623316e2562d90e642bb538e5","","0","0","0","0.011720234271505849","15.3885503961445","2780.63","","","Atomic Match_",""
"0x5df109f2cdb6f91276164ff6a26bdb7415a4d55f99870d8b66919c52e3e34c53","14703600","1651566580","2022-05-03 08:29:40","0x12be0666d73e60351289859c2ffcf9a3f9796c2d","0xc02aaa39b223fe8d0a0e5c4f27ead9083c756cc2","","0","0","0","0.001474734485815152","1.93631163253044","2780.63","","","Withdraw",""
"0xbb7f987f3f92cd3b8011da847bd536a03b85eba72080d87ccbf72512ee28292f","14703605","1651566678","2022-05-03 08:31:18","0x12be0666d73e60351289859c2ffcf9a3f9796c2d","0xce3ec583d223f9699c20777eb3c22f1f56918d7a","","0","0.298585097015048704","392.039246529789","0.001103942886837","1.44946597098811","2780.63","","","Transfer",""
"0xd07f2a83c5a852b0e07a03c008060746bc66bb24810ef9cf2dc804a57c8a40d2","14730602","1651937841","2022-05-07 15:37:21","0xce3ec583d223f9699c20777eb3c22f1f56918d7a","0x12be0666d73e60351289859c2ffcf9a3f9796c2d","","0.297882383236064704","0","391.116590365121","0.001230444341196","1.61556111554694","2635.19","","","Transfer",""
"0x1252e10b346041fc0799325b6dbd16d4fd4756930bb547a1d7e77eb636e5735d","14730612","1651937986","2022-05-07 15:39:46","0x12be0666d73e60351289859c2ffcf9a3f9796c2d","0x8c95ae01df6545be45a300ffa46d463f1e717c34","","0","1","1312.99","0.001241392129614","1.62993545226189","2635.19","","","Transfer",""
"0xc5a9cd50d75609d2ab5df3d7fc04cbd1d98e5d18ec71c7f670f553dadcf1e1eb","14736628","1652020199","2022-05-08 14:29:59","0x12be0666d73e60351289859c2ffcf9a3f9796c2d","0x7f268357a8c2552623316e2562d90e642bb538e5","","0","0","0","0.010147023173484272","13.3229399565531","2519.08","","","Atomic Match_",""
"0x97310b4834d1a826f2bbc59ebf11f140dd38870afe2b4e8cb1b6a1ff01cb535e","14736637","1652020308","2022-05-08 14:31:48","0x12be0666d73e60351289859c2ffcf9a3f9796c2d","0xc02aaa39b223fe8d0a0e5c4f27ead9083c756cc2","","0","0","0","0.001653078907289484","2.17047607448202","2519.08","","","Transfer",""
"0x454f14bc2f659955c818f85f7f2be03f4a446d2f8588073bbeea61ffd4fa2ea8","14740427","1652072028","2022-05-09 04:53:48","0x12be0666d73e60351289859c2ffcf9a3f9796c2d","0x7bd29408f11d2bfc23c34f18275bbf23bb716bc7","","0","0","0","0.001901281150135272","2.49636313731611","2230.95","","","Transfer From",""
"0xcba947730531724c1d6169176f231ad3c36d722fe9529006d5ca0de6bd7c9480","14740574","1652073889","2022-05-09 05:24:49","0x12be0666d73e60351289859c2ffcf9a3f9796c2d","0x4d224452801aced8b2f0aebe155379bb5d594381","","0","0","0","0.001030172813413986","1.35260660228443","2230.95","","","Approve",""
"0xf2a09dcee9251ff79e9580967f28d52dfd97f6e46731aee05228896258719a7d","14740577","1652073923","2022-05-09 05:25:23","0x12be0666d73e60351289859c2ffcf9a3f9796c2d","0x7f268357a8c2552623316e2562d90e642bb538e5","","0","0","0","0.00690145688378316","9.06154387383845","2230.95","","","Atomic Match_",""
"0xceb730a24243bd82524e51b94f9578ee6fe23dbbc480fb8fc3255731e9a4daaa","14740586","1652074012","2022-05-09 05:26:52","0x12be0666d73e60351289859c2ffcf9a3f9796c2d","0x4d224452801aced8b2f0aebe155379bb5d594381","","0","0","0","0.001017928293704685","1.33652967035131","2230.95","","","Approve",""
"0xd801a4f39fe6b3f31a214709fb7774b9c71c22dc2107e53c73522c8e56ab28d5","14740592","1652074085","2022-05-09 05:28:05","0x12be0666d73e60351289859c2ffcf9a3f9796c2d","0x68b3465833fb72a70ecdf485e0e4c7bd8665fc45","","0","0","0","0.007251498635326368","9.52114519319717","2230.95","","","Multicall",""
"0x14441e14c7a6db95cc00cf22a0f1ea56dcff70139055de2884a6dfead5d4a2d1","14740604","1652074198","2022-05-09 05:29:58","0x12be0666d73e60351289859c2ffcf9a3f9796c2d","0x8c95ae01df6545be45a300ffa46d463f1e717c34","","0","5","6564.95","0.000386401104033","0.507340785584289","2230.95","","","Transfer",""
"0x7a6bee1ddfe7a405c9137c0f0e139e7763e999178be8837a37c810f0aead8b7e","14766798","1652437443","2022-05-13 10:24:03","0x12be0666d73e60351289859c2ffcf9a3f9796c2d","0x7f268357a8c2552623316e2562d90e642bb538e5","","0","0","0","0.013759311166914831","18.0658379690475","2006.51","","","Atomic Match_",""
"0x14ccad6d7f7d78ac2c349ec5f71fe419644cc4bcf11b44b9c8fb8740ab60e8da","14766806","1652437623","2022-05-13 10:27:03","0x12be0666d73e60351289859c2ffcf9a3f9796c2d","0xc02aaa39b223fe8d0a0e5c4f27ead9083c756cc2","","0","0","0","0.00281648129486796","3.69801177534868","2006.51","","","Transfer",""
"0x627fe75e73c5faf7e6fa83774c6f467a56750ba93ce32ed532f6bd587b265424","14880379","1654023096","2022-05-31 18:51:36","0x12be0666d73e60351289859c2ffcf9a3f9796c2d","0x8c95ae01df6545be45a300ffa46d463f1e717c34","","0","1.12","1470.5488","0.000899107586916","1.18051927054484","1940.59","","","Transfer",""
"0xf287d8bd5a7175b66a6193e505b3b863170fa2ea4b38d5be96fc192b374a4d58","14907673","1654412107","2022-06-05 06:55:07","0x12be0666d73e60351289859c2ffcf9a3f9796c2d","0x59728544b08ab483533076417fbbb2fd0b17ce3a","","0","0","0","0.011665505562115446","15.316692148002","1804.70","","","Match Bid With Taker Ask",""
"0x78322b7ef012208bc86cc1d87239f4127a201c25c04dfe51ac53d6f9b333b239","14907676","1654412175","2022-06-05 06:56:15","0x12be0666d73e60351289859c2ffcf9a3f9796c2d","0xc02aaa39b223fe8d0a0e5c4f27ead9083c756cc2","","0","0","0","0.002485907988163254","3.26397232937847","1804.70","","","Transfer",""
"0xc2551cd59393aad1608e38385938052b31d2ec4f6375f270aa1a1e95a3e1f49c","14924634","1654660675","2022-06-08 03:57:55","0x12be0666d73e60351289859c2ffcf9a3f9796c2d","0x8c95ae01df6545be45a300ffa46d463f1e717c34","","0","0.2","262.598","0.001560311547606","2.0486734588912","1791.03","","","Transfer",""
"0x50420d8200d3302993bfa1bb4113f5442be364ff5d216560daeffc8ffbb14e21","14969691","1655328526","2022-06-15 21:28:46","0x12be0666d73e60351289859c2ffcf9a3f9796c2d","0x7bd29408f11d2bfc23c34f18275bbf23bb716bc7","","0","0","0","0.001972433","2.58978480467","1236.89","","","Cancel Offer",""
"0x4ff853050799432abe9d7b5bd4eb2c8abe3bfe0600fa82566db661e998674565","14974302","1655396626","2022-06-16 16:23:46","0x12be0666d73e60351289859c2ffcf9a3f9796c2d","0x7bd29408f11d2bfc23c34f18275bbf23bb716bc7","","0","0","0","0.0024290602000788","3.18933175210146","1067.10","","","Set Approval For All",""
"0x7cbe39651e4ee9db3521c4ba754199ed7f6814e11b725d2a413ffaa1b9a8516c","15027246","1656218379","2022-06-26 04:39:39","0x12be0666d73e60351289859c2ffcf9a3f9796c2d","0x34d85c9cdeb23fa97cb08333b511ac86e1c4e258","","0","0","0","0.001127882751788447","1.48089877427071","1198.25","","","Set Approval For All",""
"0x69d0412b450d8d6de2008cd3cec64dc9def7a9d3f368561e5da39a929f506ad2","15146347","1657876145","2022-07-15 09:09:05","0x12be0666d73e60351289859c2ffcf9a3f9796c2d","0xa0b86991c6218b36c1d19d4a2e9eb0ce3606eb48","","0","0","0","0.000609936453648599","0.800840464276074","1231.23","","","Approve",""
"0xba3c44d46107467c90f005f1ae144384c4f3a165d3b6dff0bba9db162b9e6317","15159722","1658055042","2022-07-17 10:50:42","0x12be0666d73e60351289859c2ffcf9a3f9796c2d","0x57f1887a8bf19b14fc0df6fd9b2acc9af147ea85","","0","0","0","0.000587177101720752","0.77095766278833","1337.97","","","Set Approval For All",""
"0xf109bba44c54e9571d117fc07664f0fa35b97ed4368a4259f7cfb8dd6bdebcc2","15172919","1658231581","2022-07-19 11:53:01","0x12be0666d73e60351289859c2ffcf9a3f9796c2d","0x00000000006c3852cbef3e08e8df289169ede581","","0","0","0","0.00256187736293937","3.36371935876576","1543.12","","","Cancel",""
"0x0e709f5efd0c2c064d21b15c95c009c2fca764e055369e2d0c227c9893f695d1","15173745","1658243329","2022-07-19 15:08:49","0x12be0666d73e60351289859c2ffcf9a3f9796c2d","0xa0b86991c6218b36c1d19d4a2e9eb0ce3606eb48","","0","0","0","0.003460805467278169","4.54400297048156","1543.12","","","Approve",""
"0x44cf8281bf4dfecd721a00a585e11df8b40604bb7377f1aaa82632ac4036a280","15212641","1658764734","2022-07-25 15:58:54","0x12be0666d73e60351289859c2ffcf9a3f9796c2d","0xa0b86991c6218b36c1d19d4a2e9eb0ce3606eb48","","0","0","0","0.001208108728285591","1.5862346791517","1438.01","","","Approve",""
"0x5d7ca10c77df6f78e431c4075ceb966d9333dae345729dd58b3d628c67a8b660","15212641","1658764734","2022-07-25 15:58:54","0x12be0666d73e60351289859c2ffcf9a3f9796c2d","0x881d40237659c251811cec9c364ef91dc08d300c","","0","0","0","0.004131779525269946","5.42498519888419","1438.01","","","Swap",""
"0x28169c762087eaa42ae025d3bed341efdd27efc1b52b4b40a7ed5ca8d6186f0b","15212706","1658765766","2022-07-25 16:16:06","0x12be0666d73e60351289859c2ffcf9a3f9796c2d","0xc02aaa39b223fe8d0a0e5c4f27ead9083c756cc2","","0","2.1","2757.279","0.002277838850592242","2.99077963243911","1438.01","","","Deposit",""
"0x81c85a55f57c75ef87ec0216c664b0da5412ab9c6a0fcef7ff21ccd5e9e495c9","15212714","1658765823","2022-07-25 16:17:03","0x12be0666d73e60351289859c2ffcf9a3f9796c2d","0xc02aaa39b223fe8d0a0e5c4f27ead9083c756cc2","","0","0","0","0.00170729252641584","2.24165801425873","1438.01","","","Approve",""
"0x71bd1bdfa29d5048b350015a350d862f37cecac7d1c9a7144124e661364491c4","15212799","1658766941","2022-07-25 16:35:41","0x12be0666d73e60351289859c2ffcf9a3f9796c2d","0x881d40237659c251811cec9c364ef91dc08d300c","","0","5","6564.95","0.010239045562552528","13.4437644331758","1438.01","","","Swap",""
"0xa24b3a66cf3cb839b1509877149cd9e626c9fbef52f247312a4e3b1cc5b72641","15232386","1659029885","2022-07-28 17:38:05","0x12be0666d73e60351289859c2ffcf9a3f9796c2d","0x881d40237659c251811cec9c364ef91dc08d300c","","0","0","0","0.008605146570677215","11.2984713958335","1725.82","","","Swap",""
"0x6aa91699aa46f21d9e8ccfd532c1400d36d9d68842206dce5bf05098422e1b05","15244739","1659196715","2022-07-30 15:58:35","0x12be0666d73e60351289859c2ffcf9a3f9796c2d","0x881d40237659c251811cec9c364ef91dc08d300c","","0","0","0","0.00732946341916919","9.62351217473496","1697.52","","","Swap",""
"0xf9a897d976684862967808a4b55150b374a315e77fdb5e26277d7bb542e186a2","15244757","1659196915","2022-07-30 16:01:55","0x12be0666d73e60351289859c2ffcf9a3f9796c2d","0x4d224452801aced8b2f0aebe155379bb5d594381","","0","0","0","0.000534032248510995","0.701179001972451","1697.52","","","Approve",""
"0x5556bfc5c6d01610d357deb6c92e14c9fe522e828244da62dc5c3015ab2f5f78","15275541","1659611478","2022-08-04 11:11:18","0x12be0666d73e60351289859c2ffcf9a3f9796c2d","0x00000000006c3852cbef3e08e8df289169ede581","","0","0","0","0.000530244813221354","0.696206137311506","1607.96","","","Cancel",""
"0xf8c41eb4780786c526eccc2a5e24755488111830f534d5c49c0eeacbb51f15e5","15289959","1659805555","2022-08-06 17:05:55","0x12be0666d73e60351289859c2ffcf9a3f9796c2d","0x4d224452801aced8b2f0aebe155379bb5d594381","","0","0","0","0.001821000812884605","2.39095585730936","1690.67","","","Approve",""
"0x57739687289f40da8764038397952229479efeac4e381e154fef23f5f8febb50","15289960","1659805573","2022-08-06 17:06:13","0x12be0666d73e60351289859c2ffcf9a3f9796c2d","0x881d40237659c251811cec9c364ef91dc08d300c","","0","0","0","0.015918425349336096","20.9007332994248","1690.67","","","Swap",""
"0x83dec786b51d5a9f99accf13a70d9a043f5e50f43cff98bd0166efd5e7f7dee1","15311291","1660092454","2022-08-10 00:47:34","0x12be0666d73e60351289859c2ffcf9a3f9796c2d","0x00000000006c3852cbef3e08e8df289169ede581","","0","0","0","0.001015683191839125","1.33358187405285","1854.05","","","Cancel",""
"0x301bf4baf68709e30f02bcc2742cd575cfb92f08ac24db132217678771ac2d8a","15311362","1660093596","2022-08-10 01:06:36","0x12be0666d73e60351289859c2ffcf9a3f9796c2d","0x00000000006c3852cbef3e08e8df289169ede581","","0","0","0","0.0010332747803558","1.35667945385936","1854.05","","","Cancel",""
"0xee0e2684a0046d5fc35c993d0bd2885715317d863e38c5e848925142157c2da2","15311559","1660096188","2022-08-10 01:49:48","0x12be0666d73e60351289859c2ffcf9a3f9796c2d","0x60e4d786628fea6478f785a6d7e704777c86a7c6","","0","0","0","0.000685101846552864","0.899531873505445","1854.05","","","Set Approval For All",""
"0x385ede6ebd5ce92702f9b8f0bf16f9dac8d5df13ac7c5d396c8f95b62e49d20e","15311996","1660102075","2022-08-10 03:27:55","0x12be0666d73e60351289859c2ffcf9a3f9796c2d","0x00000000006c3852cbef3e08e8df289169ede581","","0","0","0","0.001219059427033225","1.60061283710035","1854.05","","","Cancel",""
"0xb3176ffbf3efd7b14cafd95b963df8cfd92d07bc063d65d135b7d3c6c4dc8977","15312001","1660102179","2022-08-10 03:29:39","0x12be0666d73e60351289859c2ffcf9a3f9796c2d","0x00000000006c3852cbef3e08e8df289169ede581","","0","0","0","0.00119184327090669","1.56487829626777","1854.05","","","Cancel",""
"0x3aaea4b880201c0c15526ce22be0dbbd6c0af4edadc6e5606da7f79daa7625f5","15315103","1660144857","2022-08-10 15:20:57","0x12be0666d73e60351289859c2ffcf9a3f9796c2d","0x00000000006c3852cbef3e08e8df289169ede581","","0","0","0","0.003512059141602323","4.61129853233243","1854.05","","","Cancel",""
"0xd74a4ec1b40e5fb71be3dfc4b1da9a58d7364cdd4f63da74e8d11b3c4d605377","15315830","1660154525","2022-08-10 18:02:05","0x12be0666d73e60351289859c2ffcf9a3f9796c2d","0x00000000006c3852cbef3e08e8df289169ede581","","0","0","0","0.002931704980143247","3.84929932187828","1854.05","","","Cancel",""
"0x7a079d1ce763adccb598184fd76d752655a71a0fcc7e12dd672ccd63e1a38c40","15318463","1660190145","2022-08-11 03:55:45","0x12be0666d73e60351289859c2ffcf9a3f9796c2d","0x7f268357a8c2552623316e2562d90e642bb538e5","","0","0","0","0.000739257799515289","0.970638098185579","1881.06","","","Increment Nonce",""
"0xc20070b3f6bd56ff8ded29066cccf7085ea14fedd4bd8b23bc9f97121b2b4218","15318471","1660190220","2022-08-11 03:57:00","0x12be0666d73e60351289859c2ffcf9a3f9796c2d","0x00000000006c3852cbef3e08e8df289169ede581","","0","0","0","0.000722349932610511","0.948438238018275","1881.06","","","Increment Counter",""
"0xb406dfe9c5d67abccc9afaed5a3a22609a1d2fe48f386d6349670544e54d854b","15321394","1660230237","2022-08-11 15:03:57","0x12be0666d73e60351289859c2ffcf9a3f9796c2d","0x00000000006c3852cbef3e08e8df289169ede581","","0","0","0","0.0013788592730235","1.81042843688713","1881.06","","","Cancel",""
"0x37d7be1ed5f2206f584c93108f4698d2508f8b3a3845b00db8759b4c6713e93f","15321402","1660230442","2022-08-11 15:07:22","0x8c95ae01df6545be45a300ffa46d463f1e717c34","0x12be0666d73e60351289859c2ffcf9a3f9796c2d","","0.1","0","131.299","0.000719800801839","0.945091254806589","1881.06","","","Transfer",""
"0x3b098e2858ea511af1f968c02b27f0562863fc773f1d2d392c518087842af371","15324656","1660274501","2022-08-12 03:21:41","0x12be0666d73e60351289859c2ffcf9a3f9796c2d","0x282bdd42f4eb70e7a9d9f40c8fea0825b7f68c5d","","0","0","0","0.000702185110204276","0.921962027847112","1959.26","","","Set Approval For All",""
"0xf6a9746de0099ae4636cba60d19b63212166b89c6551b0e4ee4312a18720ab07","15328911","1660333221","2022-08-12 19:40:21","0x12be0666d73e60351289859c2ffcf9a3f9796c2d","0x00000000006c3852cbef3e08e8df289169ede581","","0","0","0","0.00650161986782517","8.53656187025577","1959.26","","","Fulfill Advanced Order",""
"0x9252fd2fb86ed59627e15b21a82f4fb3334af0e780e070631b2b036369d8eb67","15328917","1660333284","2022-08-12 19:41:24","0x12be0666d73e60351289859c2ffcf9a3f9796c2d","0x00000000006c3852cbef3e08e8df289169ede581","","0","0","0","0.00472861741113424","6.20862737464515","1959.26","","","Fulfill Advanced Order",""
"0x38f4fc952cf15d318b929c6bd4431e7c44558dd8403662b677a2a5f161c539af","15328922","1660333351","2022-08-12 19:42:31","0x12be0666d73e60351289859c2ffcf9a3f9796c2d","0xc02aaa39b223fe8d0a0e5c4f27ead9083c756cc2","","0","0","0","0.000785745467669136","1.0316759415949","1959.26","","","Withdraw",""
"0xbb37847aabbed034c01e7d74f32e8bcf5cb63e83d97bd49f234ba4090a37fd25","15331267","1660364588","2022-08-13 04:23:08","0x12be0666d73e60351289859c2ffcf9a3f9796c2d","0xc02aaa39b223fe8d0a0e5c4f27ead9083c756cc2","","0","5","6564.95","0.000589634458608066","0.774184147807805","1984.29","","","Deposit",""
"0xdcb636cfed500b7acd572441c3d1629f8cca350e85960ec046181c5bf3b9f501","15332766","1660385031","2022-08-13 10:03:51","0x12be0666d73e60351289859c2ffcf9a3f9796c2d","0x00000000006c3852cbef3e08e8df289169ede581","","0","0","0","0.000912491711032062","1.19809249166799","1984.29","","","Cancel",""
"0x4cc1154cff66cc738fa85258aa121bb73832d8131ece9b34c94f2424805ff128","15333937","1660400757","2022-08-13 14:25:57","0x12be0666d73e60351289859c2ffcf9a3f9796c2d","0xc02aaa39b223fe8d0a0e5c4f27ead9083c756cc2","","0","0.5","656.495","0.000274397737507212","0.360281485369594","1984.29","","","Deposit",""
"0xa41a0c3687630196d702d290f87e449c35d6571e6a3f61687c28241171abccb0","15339301","1660474123","2022-08-14 10:48:43","0x12be0666d73e60351289859c2ffcf9a3f9796c2d","0x7f268357a8c2552623316e2562d90e642bb538e5","","0","0","0","0.000365586895237222","0.48001193757752","1936.02","","","Increment Nonce",""
"0x3394a567d64746fcd64e8d343651cd88d71090a5f46a438b5d465cd6dcbe122e","15339303","1660474147","2022-08-14 10:49:07","0x12be0666d73e60351289859c2ffcf9a3f9796c2d","0x00000000006c3852cbef3e08e8df289169ede581","","0","0","0","0.000447674180178988","0.587791721833209","1936.02","","","Increment Counter",""
"0xd4f3f614296bb32577196ea627b463e81ef52da3a133441963f173b40f414334","15341011","1660496959","2022-08-14 17:09:19","0x12be0666d73e60351289859c2ffcf9a3f9796c2d","0xc02aaa39b223fe8d0a0e5c4f27ead9083c756cc2","","0","0","0","0.001349936891738196","1.77245363948333","1936.02","","","Approve",""
"0x6330bd418430a4d3fbc23f5435d6df5c9e64800c14622d2a433e0245e2771e2b","15341012","1660496976","2022-08-14 17:09:36","0x12be0666d73e60351289859c2ffcf9a3f9796c2d","0x881d40237659c251811cec9c364ef91dc08d300c","","0","0","0","0.005084801327266485","6.67629329468762","1936.02","","","Swap",""
"0x5daa03345e280dbf539f41e88ffe3218f200ed8d81c48260ef09ff595aec41f5","15346445","1660572469","2022-08-15 14:07:49","0x12be0666d73e60351289859c2ffcf9a3f9796c2d","0x7bd29408f11d2bfc23c34f18275bbf23bb716bc7","","0","0","0","0.001806878763748116","2.37241374801364","1899.64","","","Transfer From",""
"0x2f1c86f2958f55931afa2078c5d6140abf46699f44cfaed070c0df386be230bf","15357017","1660716412","2022-08-17 06:06:52","0x12be0666d73e60351289859c2ffcf9a3f9796c2d","0x8c95ae01df6545be45a300ffa46d463f1e717c34","","0","0.02","26.2598","0.000598055150343","0.785240431848856","1834.04","","","Transfer",""
"0x00115b38cc1de61d39af1178dcc5f731c877d4a43046fa5461b2138f0b56cc3a","15357031","1660716590","2022-08-17 06:09:50","0x8c95ae01df6545be45a300ffa46d463f1e717c34","0x12be0666d73e60351289859c2ffcf9a3f9796c2d","","16.532029630243933522","0","21706.389584214","0.000454906537344","0.597287734467299","1834.04","","","Transfer",""
"0x84aafdea252925c49cbd048852b335aa89d09f44d59c70935a547f5c59aa000f","15357053","1660716809","2022-08-17 06:13:29","0x12be0666d73e60351289859c2ffcf9a3f9796c2d","0x881d40237659c251811cec9c364ef91dc08d300c","","0","16.5","21664.335","0.002841941003334499","3.73144011796816","1834.04","","","Swap",""
"0xb1c4ab6c5992bafed2ae2c1181eafad89874728b99ab2e8a8eaaec16259eb700","15358721","1660739299","2022-08-17 12:28:19","0x12be0666d73e60351289859c2ffcf9a3f9796c2d","0x881d40237659c251811cec9c364ef91dc08d300c","","0","0","0","0.001209516829183754","1.58808350154998","1834.04","Error(0)","execution reverted","Swap",""
"0x5e1fb0456ad1157e7ea0aca7b0392f75fdae7b5360d84af80dbed37242f70ca1","15358722","1660739326","2022-08-17 12:28:46","0x12be0666d73e60351289859c2ffcf9a3f9796c2d","0x881d40237659c251811cec9c364ef91dc08d300c","","0","0","0","0.002036435893667505","2.6738199640265","1834.04","","","Swap",""
"0x9ac492d97ef3f49439eec9ac4d8583d828650672c625f7a5b459e19290fd1612","15358738","1660739464","2022-08-17 12:31:04","0x12be0666d73e60351289859c2ffcf9a3f9796c2d","0x59728544b08ab483533076417fbbb2fd0b17ce3a","","0","4","5251.96","0.00220806091492692","2.8991619006899","1834.04","","","Match Ask With Taker Bid Using ETH And WETH",""
"0xa2a7964d1563738be055a7b52831f8af75a00f2f60716be9a847e8a8fd80e056","15358976","1660742841","2022-08-17 13:27:21","0x12be0666d73e60351289859c2ffcf9a3f9796c2d","0x881d40237659c251811cec9c364ef91dc08d300c","","0","1.4","1838.186","0.0018882563768132","2.47926174019196","1834.04","","","Swap",""
"0x4f77619c83236298d1324d42b7009003222c244a7cb8cb1db579ff703bd99fa7","15358979","1660742912","2022-08-17 13:28:32","0x12be0666d73e60351289859c2ffcf9a3f9796c2d","0x881d40237659c251811cec9c364ef91dc08d300c","","0","0","0","0.002751354801626376","3.61250134098742","1834.04","","","Swap",""
"0x5cad8c15ddb301398e60ab458e1d2bbba6a39cc17a1c2a89821d395213893808","15369838","1660891410","2022-08-19 06:43:30","0x12be0666d73e60351289859c2ffcf9a3f9796c2d","0x00000000006c3852cbef3e08e8df289169ede581","","0","0","0","0.001998838109809723","2.62445444979907","1609.05","","","Increment Counter",""
"0x957abb83c9b4087472391d5fe29ab8716f38717b2bd75c3a70e4db71fbf2b2f0","15389558","1661161638","2022-08-22 09:47:18","0x12be0666d73e60351289859c2ffcf9a3f9796c2d","0xa0b86991c6218b36c1d19d4a2e9eb0ce3606eb48","","0","0","0","0.00053312951015625","0.699993715540055","1624.65","","","Transfer",""
"0x40a08acbb9b0e2b91a572e4f183e960c34e0a225e36918224d25a5d61c72586c","15390144","1661170208","2022-08-22 12:10:08","0x12be0666d73e60351289859c2ffcf9a3f9796c2d","0x881d40237659c251811cec9c364ef91dc08d300c","","0","0","0","0.002983473567815268","3.91727095980577","1624.65","","","Swap",""
"0x4f155e4c9847da76c3b223133071747b1db6d832a70261862ab4ecf8136f4d23","15398177","1661278396","2022-08-23 18:13:16","0x12be0666d73e60351289859c2ffcf9a3f9796c2d","0x59728544b08ab483533076417fbbb2fd0b17ce3a","","0","0","0","0.000650462764897","0.854051105682112","1664.76","","","Cancel Multiple Maker Orders",""
"0xd1eb5d841658d4494dd53cc5e296cbac88438856f5060c4bcce027455270c6a3","15398187","1661278582","2022-08-23 18:16:22","0x12be0666d73e60351289859c2ffcf9a3f9796c2d","0xc02aaa39b223fe8d0a0e5c4f27ead9083c756cc2","","0","67.226","88267.06574","0.00050108756746247","0.657922965202549","1664.76","","","Deposit",""
"0xeb614fc01edd4e259b9370a6dca718f186898dc0a4c7fc2e4c3176cdf16cc309","15398202","1661278876","2022-08-23 18:21:16","0x12be0666d73e60351289859c2ffcf9a3f9796c2d","0x00000000006c3852cbef3e08e8df289169ede581","","0","0","0","0.000667379648825799","0.876262805111786","1664.76","","","Increment Counter",""
"0xf388cbf0d0cb3672854511b869ca5ca5734be09b830b7afca7efde033b7a6a74","15407050","1661401836","2022-08-25 04:30:36","0x12be0666d73e60351289859c2ffcf9a3f9796c2d","0x00000000006c3852cbef3e08e8df289169ede581","","0","0","0","0.00099904443121069","1.31173534773532","1695.85","","","Cancel",""
"0xc651785a9f25f86da9362e462bc96ab76c7622d4af03d19c5861e491ee4a434c","15410349","1661447729","2022-08-25 17:15:29","0x12be0666d73e60351289859c2ffcf9a3f9796c2d","0x00000000006c3852cbef3e08e8df289169ede581","","0","0","0","0.002505658083501126","3.28990400705614","1695.85","","","Cancel",""
"0xecc29fbf602cd7fa49fe0c997c9c6e62a3e2a8d5a7edf36c8ba8ef21057cf310","15421713","1661605372","2022-08-27 13:02:52","0x12be0666d73e60351289859c2ffcf9a3f9796c2d","0x00000000006c3852cbef3e08e8df289169ede581","","0","0","0","0.000436634755257108","0.57329706730503","1491.26","","","Cancel",""
"0x38250aef33624ed0bf3586e598bbe7c386117768628bbf7f9de1400c3c781387","15421855","1661607317","2022-08-27 13:35:17","0x12be0666d73e60351289859c2ffcf9a3f9796c2d","0x00000000006c3852cbef3e08e8df289169ede581","","0","0","0","0.000285469435798225","0.374818514508711","1491.26","","","Cancel",""
"0x61731edbdc499309cd28a86185301b083e0cb1f9bcaa9d592a54001b35b1a888","15429401","1661711352","2022-08-28 18:29:12","0x12be0666d73e60351289859c2ffcf9a3f9796c2d","0xc02aaa39b223fe8d0a0e5c4f27ead9083c756cc2","","0","0","0","0.00055144655463336","0.724043811768055","1426.40","","","Withdraw",""
"0x3b76f9ccd43822094ae4e7fe4d4b4a105a7dcf8b0327c3eeeda5cf9c5aa6392e","15429422","1661711617","2022-08-28 18:33:37","0x12be0666d73e60351289859c2ffcf9a3f9796c2d","0x7bd29408f11d2bfc23c34f18275bbf23bb716bc7","","0","85","111604.15","0.001625472","2.13422848128","1426.40","","","Deposit",""
"0x906250ae9644301686b1acb31ec2eac9c29aaf0f5645c7e73b4746ce9665a6dc","15429543","1661713257","2022-08-28 19:00:57","0x12be0666d73e60351289859c2ffcf9a3f9796c2d","0x7bd29408f11d2bfc23c34f18275bbf23bb716bc7","","0","5","6564.95","0.001009872","1.32595183728","1426.40","","","Deposit",""
"0xb33406d48714983a333162b9a242b8ba2fc02481cc381a0f1af9b554986828ce","15438055","1661830635","2022-08-30 03:37:15","0x12be0666d73e60351289859c2ffcf9a3f9796c2d","0x7bd29408f11d2bfc23c34f18275bbf23bb716bc7","","0","0","0","0.001672812","2.19638542788","1524.62","","","Withdraw",""
"0x009574166a9edada03a538e1344df65f6c2a040bbb618e4188f94d3106b61df9","15438064","1661830837","2022-08-30 03:40:37","0x12be0666d73e60351289859c2ffcf9a3f9796c2d","0xc02aaa39b223fe8d0a0e5c4f27ead9083c756cc2","","0","90","118169.1","0.000787299107918238","1.03371585570557","1524.62","","","Deposit",""
"0x12c3583191feafef97e8063fa7937cab0ccdf03862ec68893ee31f9c4e16eba2","15440668","1661866842","2022-08-30 13:40:42","0x12be0666d73e60351289859c2ffcf9a3f9796c2d","0xc02aaa39b223fe8d0a0e5c4f27ead9083c756cc2","","0","0","0","0.000493770400172504","0.648315597722496","1524.62","","","Withdraw",""
"0x50747365926cea3324a85cf16347ef7c75ff3f60fc7fba4f1ae4bc1568e8888c","15440672","1661866881","2022-08-30 13:41:21","0x12be0666d73e60351289859c2ffcf9a3f9796c2d","0x7bd29408f11d2bfc23c34f18275bbf23bb716bc7","","0","90","118169.1","0.001625472","2.13422848128","1524.62","","","Deposit",""
"0x2b35ecce48c3fe33f293eab485543b00128982e83967433421763aa8edd48ca5","15444617","1661921513","2022-08-31 04:51:53","0x12be0666d73e60351289859c2ffcf9a3f9796c2d","0x7bd29408f11d2bfc23c34f18275bbf23bb716bc7","","0","0","0","0.001672812","2.19638542788","1554.16","","","Withdraw",""
"0x2962304ee62b33e1d20b229c957d448ce7fcdd1ff2415c855b2455ec27bc8dc2","15444624","1661921611","2022-08-31 04:53:31","0x12be0666d73e60351289859c2ffcf9a3f9796c2d","0xc02aaa39b223fe8d0a0e5c4f27ead9083c756cc2","","0","90","118169.1","0.000442417018891698","0.580889121634611","1554.16","","","Deposit",""
"0x02494572df03e0d8b3653afe42a0cf0b23aa6ab960f4cb629a066553ad00e59b","15447040","1661954896","2022-08-31 14:08:16","0x12be0666d73e60351289859c2ffcf9a3f9796c2d","0xc02aaa39b223fe8d0a0e5c4f27ead9083c756cc2","","0","0","0","0.000945923482900256","1.24198807381321","1554.16","","","Withdraw",""
"0x20cd9daa40affe8c2d7574009596b764ec143d0e53814c5d2851ec466ab3da8e","15447049","1661954966","2022-08-31 14:09:26","0x12be0666d73e60351289859c2ffcf9a3f9796c2d","0x00000000006c3852cbef3e08e8df289169ede581","","0","3.5","4595.465","0.003747437373109812","4.92034779651945","1554.16","","","Fulfill Basic Order",""
"0x841b575c28f3adc7bfdf1437aaebe503227ba6642c0e2e5359926290659cc8e5","15447058","1661955072","2022-08-31 14:11:12","0x12be0666d73e60351289859c2ffcf9a3f9796c2d","0x00000000006c3852cbef3e08e8df289169ede581","","0","3.5","4595.465","0.003646859739060669","4.78829036878927","1554.16","","","Fulfill Basic Order",""
"0x7c6374a912bdd3d172c02ccd4463c1ddaa67a099f0c629a466c43237663e9cbc","15447212","1661957235","2022-08-31 14:47:15","0x12be0666d73e60351289859c2ffcf9a3f9796c2d","0xc02aaa39b223fe8d0a0e5c4f27ead9083c756cc2","","0","45","59084.55","0.002405874445170364","3.15888908776424","1554.16","","","Deposit",""
"0x9cf9cc410065dc0f0abd7d03072eaed98df4dba357ab3d65ebb01da1d6642cfe","15453630","1662046108","2022-09-01 15:28:28","0x12be0666d73e60351289859c2ffcf9a3f9796c2d","0xc02aaa39b223fe8d0a0e5c4f27ead9083c756cc2","","0","38","49893.62","0.001095073133969382","1.43782007417046","1585.98","","","Deposit",""
"0x2005fe079a03d81bdcd4bc0c99aaf890f6c9104abb429109a0137a945b9c2927","15470130","1662273474","2022-09-04 06:37:54","0x12be0666d73e60351289859c2ffcf9a3f9796c2d","0x00000000006c3852cbef3e08e8df289169ede581","","0","0","0","0.000254306898716599","0.333902414945907","1579.06","","","Cancel",""
"0xf5ed1bccb83d3a19636b9593954a66fa14f17f396ef8da9c1f5d82856327f2c2","15494671","1662613710","2022-09-08 05:08:30","0x12be0666d73e60351289859c2ffcf9a3f9796c2d","0xc02aaa39b223fe8d0a0e5c4f27ead9083c756cc2","","0","17","22320.83","0.0003134959760377","0.41161708157774","1635.60","","","Deposit",""
"0x1b36219277d553554ab133c84db38c780a0516f9d48991b4baa69eef70861f31","15497178","1662648055","2022-09-08 14:40:55","0x12be0666d73e60351289859c2ffcf9a3f9796c2d","0x00000000006c3852cbef3e08e8df289169ede581","","0","0","0","0.000335363234907868","0.440328573801682","1635.60","","","Increment Counter",""
"0xf6fc6dfb63f3149a16508f02c049c444f307857f96c53f25b3f5b076c3c9337a","15502973","1662729850","2022-09-09 13:24:10","0x12be0666d73e60351289859c2ffcf9a3f9796c2d","0x881d40237659c251811cec9c364ef91dc08d300c","","0","0.2","262.598","0.00604738908259718","7.94016139155927","1719.35","","","Swap",""
"0x21f42c55abe7e4d5d8fabd94c9aa65cb126d66983aa33b40c6fa3920709838fa","15502987","1662730078","2022-09-09 13:27:58","0x12be0666d73e60351289859c2ffcf9a3f9796c2d","0xa0b86991c6218b36c1d19d4a2e9eb0ce3606eb48","","0","0","0","0.003014186840607525","3.95759717984927","1719.35","","","Transfer",""
"0xa37d9fc4162e96648aeba97aa6fa78dcd64706f278debc8a88f7cea22ee03e7d","15503169","1662732840","2022-09-09 14:14:00","0x12be0666d73e60351289859c2ffcf9a3f9796c2d","0x881d40237659c251811cec9c364ef91dc08d300c","","0","0.2","262.598","0.004516128436607264","5.92963147598097","1719.35","","","Swap",""
"0x8d793a672cc06c08b78d8219792e4885ed40111ce497919d3525a755bb69227b","15503253","1662733989","2022-09-09 14:33:09","0x12be0666d73e60351289859c2ffcf9a3f9796c2d","0x881d40237659c251811cec9c364ef91dc08d300c","","0","0","0","0.00540203122880856","7.09281298311335","1719.35","","","Swap",""
"0x5a48daf0c665d39c267baafb66f49ecbe5f8d19fd177a09ecbc5391d6351be1e","15503263","1662734196","2022-09-09 14:36:36","0x12be0666d73e60351289859c2ffcf9a3f9796c2d","0xdac17f958d2ee523a2206206994597c13d831ec7","","0","0","0","0.0018032306200701","2.36762377184584","1719.35","","","Transfer",""
"0x2e216649683ff0ca1e0111a21fe1d6eafcc34aa6d605d41543e0992e42b34dec","15512574","1662866831","2022-09-11 03:27:11","0x12be0666d73e60351289859c2ffcf9a3f9796c2d","0x00000000006c3852cbef3e08e8df289169ede581","","0","0","0","0.000363280741858155","0.476983981252339","1767.02","","","Cancel",""
"0xaf6c21d6da0f32abcc71d6c520d8b9dbdf3459e9728d5565c3c15396d9e4cd7f","15516706","1662926493","2022-09-11 20:01:33","0x12be0666d73e60351289859c2ffcf9a3f9796c2d","0xc02aaa39b223fe8d0a0e5c4f27ead9083c756cc2","","0","0","0","0.000495142184857056","0.650116737295466","1767.02","","","Withdraw",""
"0x800540e213c4cba93d8d999b088c41717f68e002f003c4954f86f63414986614","15516713","1662926552","2022-09-11 20:02:32","0x12be0666d73e60351289859c2ffcf9a3f9796c2d","0x7bd29408f11d2bfc23c34f18275bbf23bb716bc7","","0","85","111604.15","0.0010655872","1.399105337728","1767.02","","","Deposit",""
"0x448808e3e00a31711c616c8612137986116fc05c00a3db0645849ee6cee52847","15522540","1663009335","2022-09-12 19:02:15","0x12be0666d73e60351289859c2ffcf9a3f9796c2d","0x7bd29408f11d2bfc23c34f18275bbf23bb716bc7","","0","0","0","0.0008412156","1.104507670644","1716.53","","","Withdraw",""
"0x2531f0b51c5b290942c91b95043da3df3decd9a4c3e96fb82b23cb49dbefab63","15522550","1663009439","2022-09-12 19:03:59","0x12be0666d73e60351289859c2ffcf9a3f9796c2d","0xc02aaa39b223fe8d0a0e5c4f27ead9083c756cc2","","0","85","111604.15","0.00039269135039015","0.515599816148763","1716.53","","","Deposit",""
"0x168229a2c7da4f5ca606e9682570a51eec6bc6b25d271afe03f7bba8f87d3c32","15524760","1663040934","2022-09-13 03:48:54","0x12be0666d73e60351289859c2ffcf9a3f9796c2d","0x00000000006c3852cbef3e08e8df289169ede581","","0","0","0","0.000758415970340567","0.995792584897461","1574.56","","","Cancel",""
"0x0ddefbc88551da8cf1239d30721055c09d7344b2bddedefe57dce3fb8342cc15","15525026","1663044710","2022-09-13 04:51:50","0x12be0666d73e60351289859c2ffcf9a3f9796c2d","0x00000000006c3852cbef3e08e8df289169ede581","","0","0","0","0.000261730916931589","0.343650076622007","1574.56","","","Increment Counter",""
"0x5d0354fba4844fee16e448d5bcb6e70978488c0943760867a4513a37bcb45a3f","15527426","1663079421","2022-09-13 14:30:21","0x12be0666d73e60351289859c2ffcf9a3f9796c2d","0x00000000006c3852cbef3e08e8df289169ede581","","0","0","0","0.001513940335849493","1.98778852156703","1574.56","","","Cancel",""
"0x8a41a161dc7218dfb744f4ca5ca3920f5756b1aee06f756317bf72d5aabdf041","15546961","1663340831","2022-09-16 15:07:11","0x12be0666d73e60351289859c2ffcf9a3f9796c2d","0xc02aaa39b223fe8d0a0e5c4f27ead9083c756cc2","","0","4","5251.96","0.000363364857940118","0.477094424826796","1433.97","","","Deposit",""
"0x97d265e2bca08af24d56804586148f1bbdcfbb76c9907c36d8acdf36ebb207d1","15561166","1663512995","2022-09-18 14:56:35","0x12be0666d73e60351289859c2ffcf9a3f9796c2d","0x00000000006c3852cbef3e08e8df289169ede581","","0","0","0","0.000530583307040848","0.696650576311563","1334.30","","","Cancel",""
"0xdf629e81d60a05095ade7eeeb8ccb02b8f54decc8ff31e051251b86d492dd305","15565271","1663562759","2022-09-19 04:45:59","0x12be0666d73e60351289859c2ffcf9a3f9796c2d","0xc02aaa39b223fe8d0a0e5c4f27ead9083c756cc2","","0","4.5","5908.455","0.000128429372245244","0.168626481464283","1376.21","","","Deposit",""
"0x405fcd9e9c025834837b7b082353f167adb1e195854e258aaea7b39121882be4","15582698","1663774835","2022-09-21 15:40:35","0x12be0666d73e60351289859c2ffcf9a3f9796c2d","0x00000000006c3852cbef3e08e8df289169ede581","","0","0","0","0.000693466771395083","0.91051493617403","1246.29","","","Cancel",""
"0xd5ef3680458d33c4d32cf2bd7d8766d17b09ff021c52ce2879b0b46a91cfb8ce","15608527","1664086463","2022-09-25 06:14:23","0x12be0666d73e60351289859c2ffcf9a3f9796c2d","0xc02aaa39b223fe8d0a0e5c4f27ead9083c756cc2","","0","0","0","0.00027867113517333","0.365892413771231","1294.72","","","Transfer",""
"0x3dd97356e8ee54af14334400d8aaa46571c0ebcf79bff146b962588ece6c7af0","15623699","1664269703","2022-09-27 09:08:23","0x12be0666d73e60351289859c2ffcf9a3f9796c2d","0xc02aaa39b223fe8d0a0e5c4f27ead9083c756cc2","","0","0","0","0.000502532888772918","0.659820657629954","1328.11","","","Transfer",""
"0x0bd86272d21115d8d5bbc0aaea4a78b19485502337afdd7f7dde85dd664a2f83","15633684","1664390363","2022-09-28 18:39:23","0x12be0666d73e60351289859c2ffcf9a3f9796c2d","0x495f947276749ce646f68ac8c248420045cb7b5e","","0","0","0","0.001287574774108864","1.6905728026572","1337.15","","","Set Approval For All",""
"0x788820fe64b89fcd3b4bb9c862aa04a06d5e38f06fcfa7fe02c6c9fdc5ed4f82","15662466","1664737847","2022-10-02 19:10:47","0x12be0666d73e60351289859c2ffcf9a3f9796c2d","0x00000000006c3852cbef3e08e8df289169ede581","","0","0","0","0.001282558106053235","1.68398596766684","1276.69","","","Fulfill Basic Order",""
"0x469f9cae45253d6cf036dbd547d1d22e18d9f23d3c1c761a31c932e94edd1912","15691237","1665085583","2022-10-06 19:46:23","0x12be0666d73e60351289859c2ffcf9a3f9796c2d","0xc02aaa39b223fe8d0a0e5c4f27ead9083c756cc2","","0","0","0","0.000400176895420416","0.525428261918052","1352.40","","","Withdraw",""
"0x676b1a86f26d0eed41edb605811a833ff541a19e74bb9491e351d46451f75b01","15691339","1665086807","2022-10-06 20:06:47","0x12be0666d73e60351289859c2ffcf9a3f9796c2d","0x00000000006c3852cbef3e08e8df289169ede581","","0","20","26259.8","0.002819336843954048","3.70176108274323","1352.40","","","Fulfill Basic Order",""
